УйдуЅї,тЁЦтю║ТЌХжЌ┤,жбєтЈќТЌХжЌ┤
жёѓA7N9R6,2025-10-31 15:56:31,2025-10-31 23:50:43
жёѓA7N9R6,2025-10-31 15:56:31,2025-10-31 23:50:39
тєђR8N2V2,2025-10-29 16:51:32,2025-10-31 22:43:36
тєђR8N2V2,2025-10-29 16:51:32,2025-10-31 22:43:26
тєђR8N2V2,2025-10-29 16:51:32,2025-10-31 22:43:26
тєђR8N2V2,2025-10-29 16:51:32,2025-10-31 22:43:26
тєђR8N2V2,2025-10-29 16:51:32,2025-10-31 22:43:26
жёѓA8F4G1,2025-10-27 10:27:05,2025-10-31 19:50:27
жёѓA8F4G1,2025-10-27 10:27:05,2025-10-31 19:50:22
жёѓA8F4G1,2025-10-27 10:27:05,2025-10-31 19:50:17
жёѓA8F4G1,2025-10-27 10:27:05,2025-10-31 19:50:13
жёѓA8F4G1,2025-10-27 10:27:05,2025-10-31 19:50:13
жёѓA8F4G1,2025-10-27 10:27:05,2025-10-31 19:50:13
жёѓA8F4G1,2025-10-27 10:27:05,2025-10-31 19:50:13
жёѓA8F4G1,2025-10-27 10:27:05,2025-10-31 19:50:13
жёѓA8F4G1,2025-10-27 10:27:05,2025-10-31 19:50:13
жёѓA0Z1G7,2025-10-29 19:26:48,2025-10-31 19:49:27
жёѓA0Z1G7,2025-10-29 19:26:48,2025-10-31 19:49:23
жёѓA0Z1G7,2025-10-29 19:26:48,2025-10-31 19:49:20
жёѓA0Z1G7,2025-10-29 19:26:48,2025-10-31 19:49:16
жёѓA0Z1G7,2025-10-29 19:26:48,2025-10-31 19:49:13
С║ЉAA2D71,2025-10-31 15:24:21,2025-10-31 19:07:16
жёѓA7N9R6,2025-10-31 14:15:11,2025-10-31 15:37:53
жёѓKB9E58,2025-10-30 19:16:18,2025-10-31 13:57:54
жёѓKB9E58,2025-10-30 19:16:18,2025-10-31 13:57:50
уџќN8H901,2025-10-30 16:33:17,2025-10-31 09:22:50
уџќN8H901,2025-10-30 16:33:17,2025-10-31 09:22:46
С║ЉAA2D71,2025-10-30 17:02:29,2025-10-31 08:46:16
С║ЉAA2D71,2025-10-30 17:02:29,2025-10-31 08:46:08
жЌйDSS872,2025-10-30 18:13:36,2025-10-31 07:20:00
жЌйDSS872,2025-10-30 18:13:36,2025-10-31 07:19:56
жёѓW28Q83,2025-10-30 18:59:35,2025-10-30 21:48:37
жёѓKB9E58,2025-10-30 12:11:18,2025-10-30 15:53:47
жёѓFB5K72,2025-10-29 20:46:19,2025-10-30 10:31:12
жёѓFB5K72,2025-10-29 20:46:19,2025-10-30 10:31:08
УІЈE5LL90,2025-10-29 22:00:05,2025-10-30 10:26:26
УІЈE5LL90,2025-10-29 22:00:05,2025-10-30 10:26:22
уџќN8H901,2025-10-29 21:35:28,2025-10-30 10:21:54
уџќN8H901,2025-10-29 21:35:28,2025-10-30 10:21:48
жёѓKB9E58,2025-10-29 19:09:26,2025-10-30 09:57:18
жёѓKB9E58,2025-10-29 19:09:26,2025-10-30 09:57:14
С║ЉAA2D71,2025-10-29 20:30:38,2025-10-30 09:42:37
С║ЉAA2D71,2025-10-29 20:30:38,2025-10-30 09:42:33
жёѓW231S1,2025-10-29 21:06:25,2025-10-30 09:25:00
жёѓW231S1,2025-10-29 21:06:25,2025-10-30 09:24:56
ТхЎJ8A0Z9,2025-10-29 18:03:58,2025-10-30 08:57:20
ТхЎJ8A0Z9,2025-10-29 18:03:58,2025-10-30 08:57:16
жёѓA0Q70P,2025-10-29 23:51:32,2025-10-30 07:38:20
жёѓA76AV7,2025-10-29 18:41:18,2025-10-30 06:08:05
жёѓB8YC55,2025-10-29 19:51:58,2025-10-29 20:59:35
уџќN8H901,2025-10-29 14:05:37,2025-10-29 20:57:35
УІЈE5LL90,2025-10-29 15:12:06,2025-10-29 18:05:21
тєђR8N2V2,2025-10-25 23:03:46,2025-10-29 14:26:09
тєђR8N2V2,2025-10-25 23:03:46,2025-10-29 14:26:04
тєђR8N2V2,2025-10-25 23:03:46,2025-10-29 14:26:00
тєђR8N2V2,2025-10-25 23:03:46,2025-10-29 14:25:55
тєђR8N2V2,2025-10-25 23:03:46,2025-10-29 14:25:55
тєђR8N2V2,2025-10-25 23:03:46,2025-10-29 14:25:48
тєђR8N2V2,2025-10-25 23:03:46,2025-10-29 14:25:48
тєђR8N2V2,2025-10-25 23:03:46,2025-10-29 14:25:41
жёѓA0Z1G7,2025-10-27 19:41:35,2025-10-29 14:22:09
жёѓA0Z1G7,2025-10-27 19:41:35,2025-10-29 14:22:05
жёѓA0Z1G7,2025-10-27 19:41:35,2025-10-29 14:22:01
жёѓA0Z1G7,2025-10-27 19:41:35,2025-10-29 14:21:58
жёѓKB9E58,2025-10-29 12:19:55,2025-10-29 14:07:25
жёѓWFQ185,2025-10-28 18:45:45,2025-10-29 12:01:41
жёѓWFQ185,2025-10-28 18:45:45,2025-10-29 12:01:37
жёѓKB9E58,2025-10-28 20:07:48,2025-10-29 09:22:02
жёѓKB9E58,2025-10-28 20:07:48,2025-10-29 09:21:59
С║ЉAA2D71,2025-10-28 16:43:19,2025-10-29 08:39:41
С║ЉAA2D71,2025-10-28 16:43:19,2025-10-29 08:39:38
жёѓAT9Q55,2025-10-28 23:58:29,2025-10-29 08:35:45
ТхЎJ8A0Z9,2025-10-28 17:28:46,2025-10-29 08:35:24
ТхЎJ8A0Z9,2025-10-28 17:28:46,2025-10-29 08:35:20
жёѓW633Q1,2025-10-28 23:01:57,2025-10-29 07:14:09
жёѓW7710K,2025-10-28 19:33:09,2025-10-29 07:03:38
жёѓW633Q1,2025-10-28 15:43:29,2025-10-28 20:38:23
Т╣ўAH99R6,2025-10-27 20:49:15,2025-10-28 09:28:55
Т╣ўAH99R6,2025-10-27 20:49:15,2025-10-28 09:28:51
жёѓJGS738,2025-10-27 17:49:44,2025-10-28 09:19:09
жёѓJGS738,2025-10-27 17:49:44,2025-10-28 09:19:05
жёѓSD63186,2025-10-27 21:26:28,2025-10-28 09:10:18
жёѓSD28866,2025-10-27 14:27:14,2025-10-28 09:09:58
жёѓSD28866,2025-10-27 14:27:14,2025-10-28 09:09:54
С║ЉAA2D71,2025-10-27 17:41:38,2025-10-28 08:37:10
С║ЉAA2D71,2025-10-27 17:41:38,2025-10-28 08:37:05
жёѓSD59583,2025-10-27 14:27:19,2025-10-28 07:56:25
жёѓSD59583,2025-10-27 14:27:19,2025-10-28 07:56:21
жЌйDSS872,2025-10-27 20:24:06,2025-10-28 07:29:24
жёѓW7710K,2025-10-27 21:46:18,2025-10-28 06:12:04
жёѓFPQ167,2025-10-28 00:58:56,2025-10-28 03:39:44
жёѓA6NA11,2025-10-27 18:29:38,2025-10-28 01:20:17
жёѓAB64W8,2025-10-27 21:26:32,2025-10-28 00:35:05
жёѓBCU166,2025-10-27 17:49:34,2025-10-27 20:03:18
жёѓA8Q58P,2025-10-27 09:34:09,2025-10-27 19:40:28
жёѓSD63186,2025-10-27 14:29:05,2025-10-27 18:54:20
жёѓAAG4953,2025-10-27 17:27:33,2025-10-27 18:53:54
жёѓWFQ185,2025-10-26 23:45:43,2025-10-27 15:04:17
жёѓWFQ185,2025-10-26 23:45:43,2025-10-27 15:04:14
жёѓJ9R166,2025-10-26 19:21:34,2025-10-27 13:52:57
жёѓJ9R166,2025-10-26 19:21:34,2025-10-27 13:52:52
жёѓA7N9R6,2025-10-24 15:20:59,2025-10-27 13:47:40
жёѓA7N9R6,2025-10-24 15:20:59,2025-10-27 13:47:36
жёѓA7N9R6,2025-10-24 15:20:59,2025-10-27 13:47:33
жёѓA7N9R6,2025-10-24 15:20:59,2025-10-27 13:47:29
жёѓA7N9R6,2025-10-24 15:20:59,2025-10-27 13:47:25
жёѓA7N9R6,2025-10-24 15:20:59,2025-10-27 13:47:19
жёѓAB09H3,2025-10-26 20:51:24,2025-10-27 10:03:57
жёѓAB09H3,2025-10-26 20:51:24,2025-10-27 10:03:52
Т╣ўC9E916,2025-10-26 20:54:38,2025-10-27 10:02:30
Т╣ўC9E916,2025-10-26 20:54:38,2025-10-27 10:02:26
УІЈB903XX,2025-10-26 13:29:30,2025-10-27 09:57:17
УІЈB903XX,2025-10-26 13:29:30,2025-10-27 09:57:14
жёѓAM245J,2025-10-26 16:24:01,2025-10-27 08:51:38
жёѓAM245J,2025-10-26 16:24:01,2025-10-27 08:51:34
С║ЉAA2D71,2025-10-25 13:41:09,2025-10-27 08:26:51
С║ЉAA2D71,2025-10-25 13:41:09,2025-10-27 08:26:47
С║ЉAA2D71,2025-10-25 13:41:09,2025-10-27 08:26:43
С║ЉAA2D71,2025-10-25 13:41:09,2025-10-27 08:26:35
жёѓFD00982,2025-10-26 17:39:25,2025-10-27 07:54:04
жёѓFD00982,2025-10-26 17:39:25,2025-10-27 07:54:00
жёѓSS60F0,2025-10-26 16:00:00,2025-10-27 02:04:53
жёѓA83JC0,2025-10-26 14:47:44,2025-10-27 02:04:40
жёѓA8F4G1,2025-10-23 18:53:23,2025-10-26 19:21:18
жёѓA8F4G1,2025-10-23 18:53:23,2025-10-26 19:21:14
жёѓA8F4G1,2025-10-23 18:53:23,2025-10-26 19:21:10
жёѓA8F4G1,2025-10-23 18:53:23,2025-10-26 19:21:07
жёѓA8F4G1,2025-10-23 18:53:23,2025-10-26 19:21:04
жёѓA8F4G1,2025-10-23 18:53:23,2025-10-26 19:21:00
жёѓA8F4G1,2025-10-23 18:53:23,2025-10-26 19:20:55
жёѓA3498C,2025-10-26 14:36:01,2025-10-26 17:11:49
жёѓAB09H3,2025-10-26 10:04:30,2025-10-26 12:27:44
жёѓWFQ185,2025-10-23 21:18:25,2025-10-26 12:19:21
жёѓWFQ185,2025-10-23 21:18:25,2025-10-26 12:19:17
жёѓWFQ185,2025-10-23 21:18:25,2025-10-26 12:19:13
жёѓWFQ185,2025-10-23 21:18:25,2025-10-26 12:19:10
жёѓWFQ185,2025-10-23 21:18:25,2025-10-26 12:19:06
жёѓWFQ185,2025-10-23 21:18:25,2025-10-26 12:19:01
жёѓW7710K,2025-10-25 18:07:22,2025-10-26 12:12:29
жёѓW7710K,2025-10-25 18:07:22,2025-10-26 12:12:25
жёѓA5049B,2025-10-26 09:29:23,2025-10-26 11:19:35
жёѓA90AR7,2025-10-25 19:43:26,2025-10-26 10:10:17
жёѓA90AR7,2025-10-25 19:43:26,2025-10-26 10:10:14
жёѓBD16779,2025-10-25 21:00:09,2025-10-26 08:14:20
Т╣ўAAC1909,2025-10-25 16:56:52,2025-10-26 07:51:35
Т╣ўAAC1909,2025-10-25 16:56:52,2025-10-26 07:51:30
жёѓFD00982,2025-10-24 17:10:07,2025-10-26 07:25:23
жёѓFD00982,2025-10-24 17:10:07,2025-10-26 07:25:19
жёѓFD00982,2025-10-24 17:10:07,2025-10-26 07:25:15
жёѓFD00982,2025-10-24 17:10:07,2025-10-26 07:25:10
жёѓHJ09C5,2025-10-24 17:29:12,2025-10-26 07:00:33
жёѓHJ09C5,2025-10-24 17:29:12,2025-10-26 07:00:28
жёѓHJ09C5,2025-10-24 17:29:12,2025-10-26 07:00:23
жёѓHJ09C5,2025-10-24 17:29:12,2025-10-26 07:00:19
жёѓA6R5R0,2025-10-25 19:38:49,2025-10-26 00:03:31
жёѓBFB9881,2025-10-25 16:24:50,2025-10-25 22:46:57
жёѓBFB9881,2025-10-25 16:24:50,2025-10-25 22:41:58
жёѓBD16779,2025-10-25 17:04:12,2025-10-25 19:08:31
жёѓA8AB88,2025-10-25 12:47:53,2025-10-25 16:00:57
УІЈE5LL90,2025-10-25 11:42:55,2025-10-25 14:32:34
Т╣ўAAC1909,2025-10-25 13:24:03,2025-10-25 14:11:27
УІЈUY3G62,2025-10-24 19:52:15,2025-10-25 11:30:54
УІЈUY3G62,2025-10-24 19:52:15,2025-10-25 11:30:50
тєђR8N2V2,2025-10-18 20:33:55,2025-10-25 08:23:03
тєђR8N2V2,2025-10-18 20:33:55,2025-10-25 08:22:59
тєђR8N2V2,2025-10-18 20:33:55,2025-10-25 08:22:55
тєђR8N2V2,2025-10-18 20:33:55,2025-10-25 08:22:49
тєђR8N2V2,2025-10-18 20:33:55,2025-10-25 08:22:49
тєђR8N2V2,2025-10-18 20:33:55,2025-10-25 08:22:49
тєђR8N2V2,2025-10-18 20:33:55,2025-10-25 08:22:49
тєђR8N2V2,2025-10-18 20:33:55,2025-10-25 08:22:49
тєђR8N2V2,2025-10-18 20:33:55,2025-10-25 08:22:49
тєђR8N2V2,2025-10-18 20:33:55,2025-10-25 08:22:49
тєђR8N2V2,2025-10-18 20:33:55,2025-10-25 08:22:49
тєђR8N2V2,2025-10-18 20:33:55,2025-10-25 08:22:49
тєђR8N2V2,2025-10-18 20:33:55,2025-10-25 08:22:49
Т╣ўJ56D68,2025-10-24 18:09:55,2025-10-25 06:53:25
Т╣ўJ56D68,2025-10-24 18:09:55,2025-10-25 06:49:14
жёѓA03DB7,2025-10-24 09:26:57,2025-10-24 10:47:07
жёѓA3M7W7,2025-10-24 04:09:29,2025-10-24 10:46:18
Т╣ўA83SK5,2025-10-23 20:54:00,2025-10-24 09:41:36
Т╣ўA83SK5,2025-10-23 20:54:00,2025-10-24 09:41:29
С║ЉAA2D71,2025-10-22 17:06:46,2025-10-24 08:25:35
С║ЉAA2D71,2025-10-22 17:06:46,2025-10-24 08:25:32
С║ЉAA2D71,2025-10-22 17:06:46,2025-10-24 08:25:28
С║ЉAA2D71,2025-10-22 17:06:46,2025-10-24 08:25:24
УІЈB25M8A,2025-10-23 19:48:07,2025-10-24 08:17:38
УІЈB25M8A,2025-10-23 19:48:07,2025-10-24 08:17:35
ТхЎJ8A0Z9,2025-10-23 19:09:53,2025-10-24 07:58:43
ТхЎJ8A0Z9,2025-10-23 19:09:53,2025-10-24 07:58:37
УІЈE5LL90,2025-10-23 15:21:37,2025-10-24 07:56:27
УІЈE5LL90,2025-10-23 15:21:37,2025-10-24 07:56:24
Т╣ўJ56D68,2025-10-23 17:43:37,2025-10-24 06:57:52
Т╣ўJ56D68,2025-10-23 17:43:37,2025-10-24 06:57:49
жёѓHJ09C5,2025-10-23 19:59:57,2025-10-24 06:56:27
жёѓDF76399,2025-10-23 22:32:12,2025-10-24 06:25:38
жёѓA8F4G1,2025-10-22 20:57:01,2025-10-23 15:50:53
жёѓA8F4G1,2025-10-22 20:57:01,2025-10-23 15:50:49
УІЈUY3G62,2025-10-18 19:00:48,2025-10-23 15:47:00
УІЈUY3G62,2025-10-18 19:00:48,2025-10-23 15:46:56
УІЈUY3G62,2025-10-18 19:00:48,2025-10-23 15:46:51
УІЈUY3G62,2025-10-18 19:00:48,2025-10-23 15:46:47
УІЈUY3G62,2025-10-18 19:00:48,2025-10-23 15:46:43
УІЈUY3G62,2025-10-18 19:00:48,2025-10-23 15:46:39
УІЈUY3G62,2025-10-18 19:00:48,2025-10-23 15:46:34
УІЈUY3G62,2025-10-18 19:00:48,2025-10-23 15:46:30
УІЈUY3G62,2025-10-18 19:00:48,2025-10-23 15:46:26
УІЈUY3G62,2025-10-18 19:00:48,2025-10-23 15:46:22
жёѓA5AC62,2025-10-23 04:01:31,2025-10-23 14:31:20
жёѓAB22E0,2025-10-23 11:53:02,2025-10-23 14:22:04
жёѓA7N9R6,2025-10-21 12:04:36,2025-10-23 14:07:59
жёѓA7N9R6,2025-10-21 12:04:36,2025-10-23 14:07:55
жёѓA7N9R6,2025-10-21 12:04:36,2025-10-23 14:07:50
С║гACT2316,2025-10-23 12:28:49,2025-10-23 12:59:23
ТхЎJ8A0Z9,2025-10-22 20:25:52,2025-10-23 08:29:26
ТхЎJ8A0Z9,2025-10-22 20:25:52,2025-10-23 08:29:22
УІЈE5LL90,2025-10-22 21:48:22,2025-10-23 00:32:40
жёѓA91KK1,2025-10-22 20:32:38,2025-10-22 22:47:12
уџќCRG687,2025-10-22 19:10:51,2025-10-22 19:48:43
жёѓBEZ582,2025-10-20 18:21:09,2025-10-22 16:11:17
жёѓBEZ582,2025-10-20 18:21:09,2025-10-22 16:11:13
жёѓBEZ582,2025-10-20 18:21:09,2025-10-22 16:11:09
жёѓBEZ582,2025-10-20 18:21:09,2025-10-22 16:11:04
жёѓA8F4G1,2025-10-22 14:10:03,2025-10-22 15:17:57
жёѓWR5397,2025-10-21 14:14:58,2025-10-22 14:20:57
жёѓWR5397,2025-10-21 14:14:58,2025-10-22 14:20:53
жёѓWR5397,2025-10-21 14:14:58,2025-10-22 14:20:49
жёѓA5AC62,2025-10-22 03:05:43,2025-10-22 13:35:21
жёѓA7N9R6,2025-10-21 12:04:36,2025-10-22 13:10:01
жёѓA7N9R6,2025-10-21 12:04:36,2025-10-22 13:09:56
УІЈEDK9285,2025-10-22 11:36:15,2025-10-22 12:03:14
УІЈB25M8A,2025-10-21 17:51:46,2025-10-22 10:56:07
УІЈB25M8A,2025-10-21 17:51:46,2025-10-22 10:56:04
у▓цBP57Y9,2025-10-22 09:14:57,2025-10-22 10:27:08
УІЈEDK9285,2025-10-21 18:41:38,2025-10-22 09:15:26
С║ЉAA2D71,2025-10-21 16:48:32,2025-10-22 08:57:59
С║ЉAA2D71,2025-10-21 16:48:32,2025-10-22 08:57:55
УІЈE5LL90,2025-10-21 21:08:17,2025-10-22 08:39:30
ТхЎJ8A0Z9,2025-10-21 19:37:40,2025-10-22 08:31:34
уџќCRG687,2025-10-21 18:19:48,2025-10-22 07:14:57
уџќCRG687,2025-10-21 18:19:48,2025-10-22 07:14:53
у▓цBP57Y9,2025-10-21 12:15:17,2025-10-21 19:20:01
жёѓW1M571,2025-10-21 16:12:01,2025-10-21 18:39:08
у▓цW1K629,2025-10-20 21:51:21,2025-10-21 18:38:56
у▓цW1K629,2025-10-20 21:51:21,2025-10-21 18:38:52
жёѓA25S9A,2025-10-21 14:30:32,2025-10-21 16:32:43
УІЈE5LL90,2025-10-21 12:13:45,2025-10-21 15:43:02
жёѓW1M571,2025-10-21 11:35:45,2025-10-21 14:53:29
жёѓAD03709,2025-10-20 21:11:49,2025-10-21 12:07:13
у▓цBP57Y9,2025-10-21 09:49:11,2025-10-21 11:33:17
жёѓA6UA87,2025-10-20 21:16:58,2025-10-21 09:53:25
жёѓA6UA87,2025-10-20 21:16:58,2025-10-21 09:53:21
Т╣ўA1F5P3,2025-10-20 19:17:31,2025-10-21 09:28:57
Т╣ўA1F5P3,2025-10-20 19:17:31,2025-10-21 09:28:53
С║ЉAA2D71,2025-10-20 14:58:47,2025-10-21 09:03:12
С║ЉAA2D71,2025-10-20 14:58:47,2025-10-21 09:03:06
ТхЎJ8A0Z9,2025-10-20 21:12:36,2025-10-21 08:52:21
жёѓD5S995,2025-10-20 14:32:47,2025-10-21 08:50:06
жёѓD5S995,2025-10-20 14:32:47,2025-10-21 08:49:58
УІЈEDK9285,2025-10-20 19:36:17,2025-10-21 08:48:52
УІЈEDK9285,2025-10-20 19:36:17,2025-10-21 08:48:47
жёѓAD03709,2025-10-20 21:11:49,2025-10-21 08:14:45
УІЈB25M8A,2025-10-20 17:30:18,2025-10-21 07:43:56
УІЈB25M8A,2025-10-20 17:30:18,2025-10-21 07:43:52
жёѓA8M6E7,2025-10-20 21:30:37,2025-10-21 07:43:14
жёѓAV149H,2025-10-20 19:46:21,2025-10-21 06:56:42
жёѓJQ0Q72,2025-10-20 20:40:53,2025-10-21 06:20:31
у▓цBP57Y9,2025-10-20 20:14:40,2025-10-21 00:00:43
жёѓW1M571,2025-10-20 21:51:15,2025-10-20 23:37:25
жёѓAD03709,2025-10-20 09:01:18,2025-10-20 19:51:26
жёѓWFQ185,2025-10-20 11:20:07,2025-10-20 11:45:39
С║ЉAA2D71,2025-10-19 19:49:39,2025-10-20 09:17:13
С║ЉAA2D71,2025-10-19 19:49:39,2025-10-20 09:17:09
жёѓA8F4G1,2025-10-19 11:25:18,2025-10-20 08:33:32
жёѓA8F4G1,2025-10-19 11:25:18,2025-10-20 08:28:23
УІЈEDK9285,2025-10-19 19:48:32,2025-10-20 08:24:47
УІЈEDK9285,2025-10-19 19:48:32,2025-10-20 08:24:43
жёѓAAR6223,2025-10-19 22:12:27,2025-10-20 07:55:25
жёѓW633Q1,2025-10-19 20:08:06,2025-10-20 07:13:14
жёѓA7M0M3,2025-10-19 18:22:54,2025-10-19 23:56:17
жёѓAF89882,2025-10-19 14:52:22,2025-10-19 16:18:24
жёѓW1256T,2025-10-18 20:52:00,2025-10-19 13:45:05
жёѓW1256T,2025-10-18 20:52:00,2025-10-19 13:45:01
жёѓAAE7399,2025-10-18 13:18:16,2025-10-19 13:29:38
жёѓAAE7399,2025-10-18 13:18:16,2025-10-19 13:29:34
жёѓAAE7399,2025-10-18 13:18:16,2025-10-19 13:29:30
Т╣ўAA73583,2025-10-18 15:11:09,2025-10-19 11:48:18
Т╣ўAA73583,2025-10-18 15:11:09,2025-10-19 11:48:14
жёѓLDA3300,2025-10-19 03:37:39,2025-10-19 11:45:06
жёѓA8F4G1,2025-10-18 19:53:59,2025-10-19 10:48:58
жёѓA8F4G1,2025-10-18 19:53:59,2025-10-19 10:48:53
жёѓG76V54,2025-10-18 23:41:34,2025-10-19 10:27:12
уџќN23Z17,2025-10-18 23:52:33,2025-10-19 10:00:28
жёѓHQC368,2025-10-18 22:19:50,2025-10-19 09:26:06
жёѓM1D082,2025-10-18 17:48:53,2025-10-19 08:30:20
жёѓM1D082,2025-10-18 17:48:53,2025-10-19 08:30:15
жёѓA5V58X,2025-10-19 04:33:06,2025-10-19 08:09:33
жёѓA3498C,2025-10-18 21:34:22,2025-10-19 05:38:12
жёѓA0898C,2025-10-18 09:57:57,2025-10-19 05:14:30
жёѓA0898C,2025-10-18 09:57:57,2025-10-19 05:14:26
жёѓLDA3300,2025-10-18 21:16:30,2025-10-19 01:29:48
жёѓA0Z1G7,2025-10-16 15:35:58,2025-10-18 17:26:50
жёѓA0Z1G7,2025-10-16 15:35:58,2025-10-18 17:26:46
жёѓA0Z1G7,2025-10-16 15:35:58,2025-10-18 17:26:43
жёѓA0Z1G7,2025-10-16 15:35:58,2025-10-18 17:26:38
жёѓA0Z1G7,2025-10-16 15:35:58,2025-10-18 17:26:35
жёѓWFQ185,2025-10-16 22:00:32,2025-10-18 15:59:51
жёѓWFQ185,2025-10-16 22:00:32,2025-10-18 15:59:47
жёѓWFQ185,2025-10-16 22:00:32,2025-10-18 15:59:43
жёѓWFQ185,2025-10-16 22:00:32,2025-10-18 15:59:39
жёѓA8F4G1,2025-10-18 11:40:38,2025-10-18 13:41:34
ТхЎJ8A0Z9,2025-10-17 21:06:09,2025-10-18 09:29:58
ТхЎJ8A0Z9,2025-10-17 21:06:09,2025-10-18 09:29:54
Т╣ўAA73583,2025-10-17 16:24:19,2025-10-18 09:29:27
Т╣ўAA73583,2025-10-17 16:24:19,2025-10-18 09:29:10
жёѓA022QN,2025-10-17 18:00:11,2025-10-18 08:30:06
жёѓA022QN,2025-10-17 18:00:11,2025-10-18 08:29:34
тєђR8N2V2,2025-10-12 19:41:17,2025-10-18 08:19:53
тєђR8N2V2,2025-10-12 19:41:17,2025-10-18 08:19:48
тєђR8N2V2,2025-10-12 19:41:17,2025-10-18 08:19:43
тєђR8N2V2,2025-10-12 19:41:17,2025-10-18 08:19:43
тєђR8N2V2,2025-10-12 19:41:17,2025-10-18 08:19:43
тєђR8N2V2,2025-10-12 19:41:17,2025-10-18 08:19:43
тєђR8N2V2,2025-10-12 19:41:17,2025-10-18 08:19:43
тєђR8N2V2,2025-10-12 19:41:17,2025-10-18 08:19:43
тєђR8N2V2,2025-10-12 19:41:17,2025-10-18 08:19:43
тєђR8N2V2,2025-10-12 19:41:17,2025-10-18 08:19:43
тєђR8N2V2,2025-10-12 19:41:17,2025-10-18 08:19:43
тєђR8N2V2,2025-10-12 19:41:17,2025-10-18 08:19:43
тєђBDJ500,2025-10-17 19:01:52,2025-10-18 08:18:46
тєђBDJ500,2025-10-17 19:01:52,2025-10-18 08:18:41
жёѓA889LK,2025-10-17 18:02:18,2025-10-18 07:49:58
жёѓA889LK,2025-10-17 18:02:18,2025-10-18 07:49:54
жёѓAPC377,2025-10-18 07:15:02,2025-10-18 07:48:37
жёѓH50U21,2025-10-17 20:47:36,2025-10-18 07:43:24
жёѓAAE7399,2025-10-17 19:09:34,2025-10-18 06:53:01
жёѓAGR174,2025-10-17 20:15:06,2025-10-18 04:16:49
жёѓA97M8A,2025-10-17 18:03:59,2025-10-18 00:20:16
жёѓAUN949,2025-10-17 18:00:42,2025-10-18 00:19:54
жёѓA8U2K0,2025-10-17 17:58:23,2025-10-18 00:19:31
жёѓA83JC0,2025-10-17 17:55:34,2025-10-18 00:19:17
жёѓANZ600,2025-10-17 17:45:49,2025-10-18 00:19:02
жёѓW595V3,2025-10-17 17:54:58,2025-10-18 00:18:37
жёѓAAE7399,2025-10-17 16:34:49,2025-10-17 17:57:01
жёѓH50U21,2025-10-17 14:01:48,2025-10-17 15:54:39
УІЈE5LL90,2025-10-17 10:57:17,2025-10-17 14:23:30
УІЈB8S898,2025-10-16 16:27:14,2025-10-17 14:15:52
УІЈB8S898,2025-10-16 16:27:14,2025-10-17 14:15:48
УІЈUY3G62,2025-10-17 11:58:20,2025-10-17 13:46:20
жёѓA03DB7,2025-10-17 08:47:35,2025-10-17 10:22:53
УІЈAH10U5,2025-10-16 15:13:11,2025-10-17 09:34:06
УІЈAH10U5,2025-10-16 15:13:11,2025-10-17 09:34:01
жёѓFZ516F,2025-10-16 23:04:34,2025-10-17 08:50:01
жёѓW1813Z,2025-10-16 23:22:30,2025-10-17 08:49:44
ТхЎJ8A0Z9,2025-10-16 23:55:20,2025-10-17 08:39:22
жёѓKK5590,2025-10-16 21:58:41,2025-10-17 08:03:35
УІЈE5LL90,2025-10-16 19:11:47,2025-10-17 07:33:24
УІЈE5LL90,2025-10-16 19:11:47,2025-10-17 07:33:18
жёѓKF76120,2025-10-16 23:12:16,2025-10-17 06:45:55
жёѓA8Q58P,2025-10-16 09:18:13,2025-10-16 19:37:44
жёѓAAF1908,2025-10-16 11:59:32,2025-10-16 14:57:49
жёѓWFQ185,2025-10-16 12:49:08,2025-10-16 14:03:23
УхБA2505A,2025-10-11 11:54:20,2025-10-16 11:29:54
УхБA2505A,2025-10-11 11:54:20,2025-10-16 11:29:50
УхБA2505A,2025-10-11 11:54:20,2025-10-16 11:29:46
УхБA2505A,2025-10-11 11:54:20,2025-10-16 11:29:42
УхБA2505A,2025-10-11 11:54:20,2025-10-16 11:29:37
УхБA2505A,2025-10-11 11:54:20,2025-10-16 11:29:34
УхБA2505A,2025-10-11 11:54:20,2025-10-16 11:29:30
УхБA2505A,2025-10-11 11:54:20,2025-10-16 11:29:26
УхБA2505A,2025-10-11 11:54:20,2025-10-16 11:29:22
УхБA2505A,2025-10-11 11:54:20,2025-10-16 11:29:18
УІЈE5LL90,2025-10-15 19:26:21,2025-10-16 10:56:27
УІЈE5LL90,2025-10-15 19:26:21,2025-10-16 10:56:23
жёѓAA55T8,2025-10-15 18:04:16,2025-10-16 10:29:11
жёѓAA55T8,2025-10-15 18:04:16,2025-10-16 10:29:07
жёѓA0Z1G7,2025-10-13 10:52:03,2025-10-16 09:32:04
жёѓA0Z1G7,2025-10-13 10:52:03,2025-10-16 09:32:01
жёѓA0Z1G7,2025-10-13 10:52:03,2025-10-16 09:31:56
жёѓA0Z1G7,2025-10-13 10:52:03,2025-10-16 09:31:56
жёѓA0Z1G7,2025-10-13 10:52:03,2025-10-16 09:31:56
жёѓA0Z1G7,2025-10-13 10:52:03,2025-10-16 09:31:56
УІЈAH10U5,2025-10-15 18:13:13,2025-10-16 09:21:09
УІЈAH10U5,2025-10-15 18:13:13,2025-10-16 09:21:05
жёѓWFQ185,2025-10-15 12:27:25,2025-10-16 09:02:55
жёѓWFQ185,2025-10-15 12:27:25,2025-10-16 09:02:51
жёѓADX0667,2025-10-15 19:07:23,2025-10-16 08:29:04
жёѓADX0667,2025-10-15 19:07:23,2025-10-16 08:28:59
ТхЎJ8A0Z9,2025-10-15 21:57:31,2025-10-16 07:59:51
жёѓKF76120,2025-10-15 19:28:44,2025-10-16 06:33:24
УІЈE5LL90,2025-10-15 16:48:13,2025-10-15 17:24:57
УІЈE5LL90,2025-10-15 12:28:53,2025-10-15 16:23:39
жёѓWFQ185,2025-10-14 19:35:52,2025-10-15 08:57:43
жёѓWFQ185,2025-10-14 19:35:52,2025-10-15 08:57:38
УІЈAH10U5,2025-10-14 16:23:57,2025-10-15 08:49:14
жёѓA6UA87,2025-10-14 21:46:33,2025-10-15 08:20:11
ТхЎJ8A0Z9,2025-10-14 23:55:17,2025-10-15 08:10:28
УІЈEFF9218,2025-10-14 23:50:45,2025-10-15 07:54:44
УІЈU0G476,2025-10-14 21:34:03,2025-10-15 07:35:45
УІЈE5LL90,2025-10-14 18:18:24,2025-10-14 23:48:50
жёѓWFQ185,2025-10-14 12:52:41,2025-10-14 17:37:25
УІЈB98K42,2025-10-06 13:57:37,2025-10-14 15:32:06
УІЈB98K42,2025-10-06 13:57:37,2025-10-14 15:32:03
УІЈB98K42,2025-10-06 13:57:37,2025-10-14 15:31:59
УІЈB98K42,2025-10-06 13:57:37,2025-10-14 15:31:55
УІЈB98K42,2025-10-06 13:57:37,2025-10-14 15:31:55
УІЈB98K42,2025-10-06 13:57:37,2025-10-14 15:31:55
УІЈB98K42,2025-10-06 13:57:37,2025-10-14 15:31:48
УІЈB98K42,2025-10-06 13:57:37,2025-10-14 15:31:48
УІЈB98K42,2025-10-06 13:57:37,2025-10-14 15:31:48
УІЈB98K42,2025-10-06 13:57:37,2025-10-14 15:31:41
УІЈB98K42,2025-10-06 13:57:37,2025-10-14 15:31:41
УІЈB98K42,2025-10-06 13:57:37,2025-10-14 15:31:41
УІЈB98K42,2025-10-06 13:57:37,2025-10-14 15:31:41
УІЈB98K42,2025-10-06 13:57:37,2025-10-14 15:31:41
УІЈB98K42,2025-10-06 13:57:37,2025-10-14 15:31:41
УІЈB98K42,2025-10-06 13:57:37,2025-10-14 15:31:41
УІЈB98K42,2025-10-06 13:57:37,2025-10-14 15:31:41
УІЈE5LL90,2025-10-14 13:05:50,2025-10-14 15:28:20
жёѓAA55T8,2025-10-14 11:38:15,2025-10-14 13:29:36
У▒ФSFA9072,2025-10-14 11:19:51,2025-10-14 12:41:34
УІЈE5LL90,2025-10-13 21:38:47,2025-10-14 10:52:15
УІЈE5LL90,2025-10-13 21:38:47,2025-10-14 10:52:11
жёѓAA55T8,2025-10-14 02:29:42,2025-10-14 10:40:35
жёѓAD01M8,2025-10-13 18:39:52,2025-10-14 09:04:39
жёѓAD01M8,2025-10-13 18:39:52,2025-10-14 09:04:35
УІЈAH10U5,2025-10-13 18:50:13,2025-10-14 09:00:12
УІЈAH10U5,2025-10-13 18:50:13,2025-10-14 09:00:04
У▒ФSFA9072,2025-10-13 19:20:00,2025-10-14 08:59:19
жёѓAFN8286,2025-10-13 23:02:33,2025-10-14 08:41:23
ТхЎJ8A0Z9,2025-10-13 22:39:08,2025-10-14 08:38:36
жёѓWFQ185,2025-10-13 19:40:21,2025-10-14 08:31:57
жёѓWFQ185,2025-10-13 19:40:21,2025-10-14 08:31:54
УІЈE5LL90,2025-10-13 18:41:16,2025-10-13 20:41:14
УІЈE5LL90,2025-10-13 11:05:36,2025-10-13 14:09:35
жёѓA0Z1G7,2025-10-10 21:17:34,2025-10-13 09:56:22
жёѓA0Z1G7,2025-10-10 21:17:34,2025-10-13 09:56:18
жёѓA0Z1G7,2025-10-10 21:17:34,2025-10-13 09:56:18
жёѓA0Z1G7,2025-10-10 21:17:34,2025-10-13 09:56:18
жёѓA0Z1G7,2025-10-10 21:17:34,2025-10-13 09:56:18
жёѓA0Z1G7,2025-10-10 21:17:34,2025-10-13 09:56:18
Т╣ўA12E3Y,2025-10-13 01:32:57,2025-10-13 09:31:27
Т╣ўA67SH7,2025-10-13 00:49:01,2025-10-13 09:31:09
УІЈAH10U5,2025-10-11 18:36:36,2025-10-13 08:52:46
УІЈAH10U5,2025-10-11 18:36:36,2025-10-13 08:52:42
УІЈAH10U5,2025-10-11 18:36:36,2025-10-13 08:52:39
УІЈAH10U5,2025-10-11 18:36:36,2025-10-13 08:52:35
ТхЎJ8A0Z9,2025-10-13 00:08:08,2025-10-13 07:48:48
УІЈUY3G62,2025-10-11 15:43:42,2025-10-12 14:35:34
УІЈUY3G62,2025-10-11 15:43:42,2025-10-12 14:35:30
жёѓAB95121,2025-10-11 20:14:19,2025-10-12 14:03:50
жёѓAB95121,2025-10-11 20:14:19,2025-10-12 14:03:47
УІЈE5LL90,2025-10-12 11:31:21,2025-10-12 13:04:13
тєђR8N2V2,2025-10-07 17:06:48,2025-10-12 10:48:47
тєђR8N2V2,2025-10-07 17:06:48,2025-10-12 10:48:41
тєђR8N2V2,2025-10-07 17:06:48,2025-10-12 10:48:37
тєђR8N2V2,2025-10-07 17:06:48,2025-10-12 10:48:34
тєђR8N2V2,2025-10-07 17:06:48,2025-10-12 10:48:30
тєђR8N2V2,2025-10-07 17:06:48,2025-10-12 10:48:30
тєђR8N2V2,2025-10-07 17:06:48,2025-10-12 10:48:30
тєђR8N2V2,2025-10-07 17:06:48,2025-10-12 10:48:30
тєђR8N2V2,2025-10-07 17:06:48,2025-10-12 10:48:30
тєђR8N2V2,2025-10-07 17:06:48,2025-10-12 10:48:30
УхБAFJ562,2025-10-11 22:01:13,2025-10-12 09:23:19
жёѓA6J008,2025-10-11 19:16:55,2025-10-12 09:16:22
жёѓA6J008,2025-10-11 19:16:55,2025-10-12 09:16:18
жёѓA6NA11,2025-10-11 23:59:58,2025-10-12 09:07:24
ТхЎJ8A0Z9,2025-10-11 20:20:58,2025-10-12 09:04:31
ТхЎJ8A0Z9,2025-10-11 20:20:58,2025-10-12 09:04:27
жёѓWGM936,2025-10-11 19:21:06,2025-10-12 08:06:11
жёѓWGM936,2025-10-11 19:21:06,2025-10-12 08:06:07
ж▓ЂCM5058,2025-10-11 15:13:56,2025-10-12 06:08:46
ж▓ЂCM5058,2025-10-11 15:13:56,2025-10-12 06:08:42
жёѓAFP9239,2025-10-11 18:22:20,2025-10-12 03:34:58
жёѓW595V3,2025-10-11 18:42:21,2025-10-12 03:34:37
жёѓA889LK,2025-10-11 18:13:49,2025-10-12 03:34:19
жёѓA6J008,2025-10-11 17:26:33,2025-10-11 18:54:13
УІЈE5LL90,2025-10-11 16:38:08,2025-10-11 17:49:11
УхБAFJ562,2025-10-11 13:11:01,2025-10-11 14:23:26
УІЈUY3G62,2025-10-11 10:11:39,2025-10-11 13:29:51
ж▓ЂCM5058,2025-10-11 11:00:21,2025-10-11 11:32:03
УхБA2505A,2025-10-10 11:51:55,2025-10-11 10:54:27
УхБA2505A,2025-10-10 11:51:55,2025-10-11 10:54:22
УІЈAH10U5,2025-10-10 17:10:35,2025-10-11 08:43:44
УІЈAH10U5,2025-10-10 17:10:35,2025-10-11 08:43:40
жёѓAU7P36,2025-10-10 22:39:49,2025-10-11 08:39:59
УІЈE5LL90,2025-10-10 13:12:44,2025-10-10 15:20:38
УІЈE5LL90,2025-10-10 11:18:35,2025-10-10 12:54:33
жёѓW01C28,2025-10-10 12:14:50,2025-10-10 12:47:19
жёѓA5B561,2025-10-10 11:13:17,2025-10-10 12:14:56
ТЎІMBL300,2025-10-09 14:48:19,2025-10-10 10:54:45
ТЎІMBL300,2025-10-09 14:48:19,2025-10-10 10:54:41
жёѓA294P7,2025-10-09 23:36:38,2025-10-10 10:40:41
жёѓA0Z1G7,2025-10-06 23:40:40,2025-10-10 10:10:33
жёѓA0Z1G7,2025-10-06 23:40:40,2025-10-10 10:10:29
жёѓA0Z1G7,2025-10-06 23:40:40,2025-10-10 10:10:25
жёѓA0Z1G7,2025-10-06 23:40:40,2025-10-10 10:10:25
жёѓA0Z1G7,2025-10-06 23:40:40,2025-10-10 10:10:25
жёѓA0Z1G7,2025-10-06 23:40:40,2025-10-10 10:10:25
жёѓA0Z1G7,2025-10-06 23:40:40,2025-10-10 10:10:25
УІЈAH10U5,2025-10-09 19:20:41,2025-10-10 08:38:51
УІЈAH10U5,2025-10-09 19:20:41,2025-10-10 08:38:48
Т┤ЦDDB278,2025-10-09 11:46:39,2025-10-10 08:34:50
Т┤ЦDDB278,2025-10-09 11:46:39,2025-10-10 08:34:44
жёѓAU7P36,2025-10-09 21:37:11,2025-10-10 08:34:21
ТхЎJ8A0Z9,2025-10-10 00:07:58,2025-10-10 08:13:52
УІЈB25M8A,2025-10-09 18:04:00,2025-10-10 08:12:37
УІЈB25M8A,2025-10-09 18:04:00,2025-10-10 08:12:33
жёѓADL7315,2025-10-09 18:01:02,2025-10-09 19:35:43
жёѓW01C28,2025-10-09 13:07:26,2025-10-09 14:45:16
жёѓAA55T8,2025-10-08 18:43:16,2025-10-09 13:14:50
жёѓAA55T8,2025-10-08 18:43:16,2025-10-09 13:14:47
УхБA2505A,2025-10-07 18:43:22,2025-10-09 11:18:26
УхБA2505A,2025-10-07 18:43:22,2025-10-09 11:18:22
УхБA2505A,2025-10-07 18:43:22,2025-10-09 11:18:19
УхБA2505A,2025-10-07 18:43:22,2025-10-09 11:18:15
УІЈB25M8A,2025-10-08 18:43:01,2025-10-09 08:12:53
УІЈB25M8A,2025-10-08 18:43:01,2025-10-09 08:12:50
ТхЎJ8A0Z9,2025-10-08 23:00:30,2025-10-09 07:56:41
жЎЋAB9M62,2025-10-08 10:30:53,2025-10-09 06:35:51
жЎЋAB9M62,2025-10-08 10:30:53,2025-10-09 06:35:44
жёѓA8Q58P,2025-10-08 11:17:06,2025-10-08 19:39:54
жёѓA79Z3H,2025-10-08 13:23:02,2025-10-08 16:14:31
жёѓAA11567,2025-10-08 12:05:48,2025-10-08 13:37:06
ТЎІMBL300,2025-10-07 18:57:33,2025-10-08 13:23:35
ТЎІMBL300,2025-10-07 18:57:33,2025-10-08 13:23:32
у▓цSS1051,2025-10-07 21:45:56,2025-10-08 11:57:20
у▓цSS1051,2025-10-07 21:45:56,2025-10-08 11:57:16
УІЈB8X0G2,2025-10-07 15:24:37,2025-10-08 11:31:28
УІЈB8X0G2,2025-10-07 15:24:37,2025-10-08 11:31:25
жёѓAB58C2,2025-10-07 16:15:48,2025-10-08 09:11:51
жёѓAB58C2,2025-10-07 16:15:48,2025-10-08 09:11:47
Т╣ўA6018S,2025-10-07 21:06:23,2025-10-08 07:58:31
У▒ФS5223Y,2025-10-08 00:37:53,2025-10-08 07:16:54
жёѓLG77Q0,2025-10-07 17:53:48,2025-10-08 07:14:31
жёѓLG77Q0,2025-10-07 17:53:48,2025-10-08 07:14:26
жёѓA7M0M3,2025-10-07 12:19:23,2025-10-07 21:42:15
жёѓA8F4G1,2025-10-07 15:11:37,2025-10-07 19:08:46
у▓цSS1051,2025-10-07 13:55:08,2025-10-07 18:52:44
жёѓA29W5W,2025-10-07 14:13:44,2025-10-07 16:48:14
жёѓA8F4G1,2025-10-07 11:08:19,2025-10-07 14:33:26
УхБA2505A,2025-10-05 14:08:27,2025-10-07 14:24:01
УхБA2505A,2025-10-05 14:08:27,2025-10-07 14:23:57
УхБA2505A,2025-10-05 14:08:27,2025-10-07 14:23:53
УхБA2505A,2025-10-05 14:08:27,2025-10-07 14:23:49
УхБA2505A,2025-10-05 14:08:27,2025-10-07 14:23:46
жёѓC593E8,2025-10-06 13:18:25,2025-10-07 13:09:02
жёѓC593E8,2025-10-06 13:18:25,2025-10-07 13:08:59
УхБADM6529,2025-10-06 22:02:00,2025-10-07 11:44:58
У▒ФL7G735,2025-10-05 23:55:08,2025-10-07 11:35:17
У▒ФL7G735,2025-10-05 23:55:08,2025-10-07 11:35:12
У▒ФL7G735,2025-10-05 23:55:08,2025-10-07 11:35:09
жёѓLD2671,2025-10-07 02:17:41,2025-10-07 11:24:05
жёѓW1C785,2025-10-07 10:24:39,2025-10-07 10:58:02
жёѓHQL887,2025-10-06 19:11:04,2025-10-07 09:48:53
жёѓHQL887,2025-10-06 19:11:04,2025-10-07 09:48:48
ТЎІCD9373,2025-10-04 16:24:03,2025-10-07 09:46:42
ТЎІCD9373,2025-10-04 16:24:03,2025-10-07 09:46:38
ТЎІCD9373,2025-10-04 16:24:03,2025-10-07 09:46:35
ТЎІCD9373,2025-10-04 16:24:03,2025-10-07 09:46:32
ТЎІCD9373,2025-10-04 16:24:03,2025-10-07 09:46:28
ТЎІCD9373,2025-10-04 16:24:03,2025-10-07 09:46:24
жёѓW01C28,2025-10-07 02:08:13,2025-10-07 09:38:28
oMNSK5wyOV18J5wd1v9Jwpbyll5A,2025-10-07 01:41:15,2025-10-07 09:21:32
жёѓB83841,2025-10-06 21:14:12,2025-10-07 09:03:15
жёѓEF0S98,2025-10-06 20:10:25,2025-10-07 08:33:11
жёѓEF0S98,2025-10-06 20:10:25,2025-10-07 08:33:07
жёѓAS626B,2025-10-07 02:15:53,2025-10-07 07:24:56
жёѓAAQ5539,2025-10-06 12:17:25,2025-10-06 18:06:32
уџќA0HC56,2025-10-06 14:49:23,2025-10-06 16:41:52
жёѓEF0S98,2025-10-06 13:28:58,2025-10-06 15:09:51
тєђR8N2V2,2025-10-05 20:37:10,2025-10-06 14:43:09
тєђR8N2V2,2025-10-05 20:37:10,2025-10-06 14:43:06
уџќA520WS,2025-10-06 00:40:09,2025-10-06 13:52:22
уџќA520WS,2025-10-06 00:40:09,2025-10-06 13:52:18
УІЈB98K42,2025-10-05 21:09:32,2025-10-06 13:24:28
УІЈB98K42,2025-10-05 21:09:32,2025-10-06 13:24:24
У▒ФR9XA61,2025-10-04 17:45:38,2025-10-06 11:28:31
У▒ФR9XA61,2025-10-04 17:45:38,2025-10-06 11:28:27
У▒ФR9XA61,2025-10-04 17:45:38,2025-10-06 11:28:23
У▒ФR9XA61,2025-10-04 17:45:38,2025-10-06 11:28:20
уџќA0HC56,2025-10-06 09:14:08,2025-10-06 10:57:32
жёѓM1D082,2025-10-05 18:31:08,2025-10-06 09:16:50
жёѓM1D082,2025-10-05 18:31:08,2025-10-06 09:16:46
жёѓB3S083,2025-10-05 21:22:05,2025-10-06 08:32:42
жёѓAFS9500,2025-10-04 20:24:22,2025-10-06 08:01:28
жёѓAFS9500,2025-10-04 20:24:22,2025-10-06 08:01:24
жёѓAFS9500,2025-10-04 20:24:22,2025-10-06 08:01:20
жёѓEB739U,2025-10-05 18:33:12,2025-10-06 07:10:29
жёѓEB739U,2025-10-05 18:33:12,2025-10-06 07:10:21
уџќA0HC56,2025-10-05 22:02:09,2025-10-06 05:37:56
жёѓA6NA11,2025-10-05 20:59:07,2025-10-05 22:41:46
уџќA0HC56,2025-10-05 15:59:23,2025-10-05 17:27:19
У▒ФA811EV,2025-10-05 13:37:20,2025-10-05 16:43:30
жёѓW1C785,2025-10-05 11:03:11,2025-10-05 16:22:44
жёѓAFJ3997,2025-10-05 13:56:57,2025-10-05 16:19:44
ућўKS0891,2025-10-05 01:00:52,2025-10-05 12:34:06
УхБA2505A,2025-09-27 18:05:35,2025-10-05 11:45:09
УхБA2505A,2025-09-27 18:05:35,2025-10-05 11:45:05
УхБA2505A,2025-09-27 18:05:35,2025-10-05 11:45:01
УхБA2505A,2025-09-27 18:05:35,2025-10-05 11:44:57
УхБA2505A,2025-09-27 18:05:35,2025-10-05 11:44:57
УхБA2505A,2025-09-27 18:05:35,2025-10-05 11:44:53
УхБA2505A,2025-09-27 18:05:35,2025-10-05 11:44:53
УхБA2505A,2025-09-27 18:05:35,2025-10-05 11:44:48
УхБA2505A,2025-09-27 18:05:35,2025-10-05 11:44:48
УхБA2505A,2025-09-27 18:05:35,2025-10-05 11:44:44
УхБA2505A,2025-09-27 18:05:35,2025-10-05 11:44:44
УхБA2505A,2025-09-27 18:05:35,2025-10-05 11:44:39
УхБA2505A,2025-09-27 18:05:35,2025-10-05 11:44:39
УхБA2505A,2025-09-27 18:05:35,2025-10-05 11:44:33
УхБA2505A,2025-09-27 18:05:35,2025-10-05 11:44:33
УхБA2505A,2025-09-27 18:05:35,2025-10-05 11:44:21
ТАѓCLD927,2025-10-04 19:25:43,2025-10-05 11:26:52
ТАѓCLD927,2025-10-04 19:25:43,2025-10-05 11:26:49
ТАѓC68677,2025-10-04 19:09:30,2025-10-05 10:35:07
ТАѓC68677,2025-10-04 19:09:30,2025-10-05 10:35:02
у▓цAH51998,2025-10-04 19:56:17,2025-10-05 10:23:34
у▓цAH51998,2025-10-04 19:56:17,2025-10-05 10:23:30
жёѓA303C4,2025-10-04 21:34:02,2025-10-05 09:19:34
жёѓDRW968,2025-10-04 20:00:29,2025-10-05 09:09:53
жёѓDRW968,2025-10-04 20:00:29,2025-10-05 09:09:49
уџќA520WS,2025-10-04 21:04:07,2025-10-05 09:03:38
уџќA520WS,2025-10-04 21:04:07,2025-10-05 09:03:24
жёѓJE9U07,2025-10-04 19:26:50,2025-10-05 08:52:30
жёѓJE9U07,2025-10-04 19:26:50,2025-10-05 08:52:24
у▓цBG66125,2025-10-04 16:42:34,2025-10-05 08:42:52
у▓цBG66125,2025-10-04 16:42:34,2025-10-05 08:42:48
УІЈB98K42,2025-10-03 23:02:12,2025-10-05 08:26:46
УІЈB98K42,2025-10-03 23:02:12,2025-10-05 08:26:43
УІЈB98K42,2025-10-03 23:02:12,2025-10-05 08:26:39
жёѓAAB1768,2025-10-04 18:26:48,2025-10-05 08:21:03
тєђR8N2V2,2025-10-04 21:25:39,2025-10-05 08:18:32
жёѓM1D082,2025-10-04 18:54:20,2025-10-05 07:53:31
жёѓM1D082,2025-10-04 18:54:20,2025-10-05 07:53:26
У┤хAF64876,2025-10-05 00:05:59,2025-10-05 07:52:24
жёѓEB739U,2025-10-04 20:56:54,2025-10-05 07:35:27
жёѓAY035Q,2025-10-04 21:57:48,2025-10-05 07:20:02
жёѓAZ5E60,2025-10-04 23:14:37,2025-10-05 06:51:49
жЎЋAG67305,2025-10-04 13:19:06,2025-10-05 06:46:13
жЎЋAG67305,2025-10-04 13:19:06,2025-10-05 06:46:09
уџќA0HC56,2025-10-04 20:30:26,2025-10-05 05:05:02
у▓цAZ5978,2025-10-04 21:44:29,2025-10-04 23:42:51
жёѓA9Q51L,2025-10-04 19:21:07,2025-10-04 21:03:23
жёѓJE9U07,2025-10-04 14:46:29,2025-10-04 17:50:19
У▒ФR9XA61,2025-10-04 15:58:24,2025-10-04 17:01:14
Т╣ўA6018S,2025-10-01 22:18:53,2025-10-04 16:15:40
Т╣ўA6018S,2025-10-01 22:18:53,2025-10-04 16:15:36
Т╣ўA6018S,2025-10-01 22:18:53,2025-10-04 16:15:32
Т╣ўA6018S,2025-10-01 22:18:53,2025-10-04 16:15:29
Т╣ўA6018S,2025-10-01 22:18:53,2025-10-04 16:15:25
Т╣ўA6018S,2025-10-01 22:18:53,2025-10-04 16:15:21
жёѓAFS9500,2025-10-04 14:33:51,2025-10-04 15:18:42
жёѓHF2V20,2025-10-04 09:47:48,2025-10-04 14:45:49
у▓цAH51998,2025-10-04 09:55:46,2025-10-04 14:13:09
жёѓAY035Q,2025-10-04 12:39:48,2025-10-04 14:01:39
У┤хH80R99,2025-10-03 15:35:46,2025-10-04 13:01:45
У┤хH80R99,2025-10-03 15:35:46,2025-10-04 13:01:42
жёѓW28Q83,2025-10-03 20:40:31,2025-10-04 12:03:32
жёѓW28Q83,2025-10-03 20:40:31,2025-10-04 12:03:27
ућўKS0891,2025-10-03 23:40:44,2025-10-04 10:56:23
жёѓAM255E,2025-10-03 21:57:10,2025-10-04 09:57:36
жёѓAM255E,2025-10-03 21:57:10,2025-10-04 09:57:33
тєђR8N2V2,2025-10-04 01:13:11,2025-10-04 09:50:12
У▒ФS02T62,2025-10-03 22:08:13,2025-10-04 09:37:59
Т╣ўBB88N8,2025-10-03 20:17:31,2025-10-04 08:34:57
Т╣ўBB88N8,2025-10-03 20:17:31,2025-10-04 08:34:53
УІЈF85KZ0,2025-10-03 20:57:21,2025-10-04 08:31:40
у▓цAH51998,2025-10-03 22:51:38,2025-10-04 08:11:15
уџќA520WS,2025-10-03 21:46:37,2025-10-04 08:07:00
У▒ФA68K0K,2025-10-03 20:46:30,2025-10-04 08:02:08
Т╣ўA10FU2,2025-10-03 22:41:16,2025-10-04 07:52:19
УхБAAW1151,2025-10-03 20:46:04,2025-10-04 07:50:49
oMNSK531IFSP-W8AV0Oe8Y3I0_zo,2025-10-03 20:45:32,2025-10-04 07:21:57
жёѓEEK626,2025-10-03 20:14:42,2025-10-04 06:52:04
Т╣ўA10FU2,2025-10-03 20:18:17,2025-10-03 21:15:54
у▓цC1373J,2025-10-03 20:10:19,2025-10-03 21:00:14
уџќA520WS,2025-10-03 17:20:23,2025-10-03 19:36:25
ућўKS0891,2025-10-03 15:49:33,2025-10-03 19:12:40
oMNSK531IFSP-W8AV0Oe8Y3I0_zo,2025-10-03 14:07:06,2025-10-03 17:49:22
Т╣ўBB88N8,2025-10-03 16:18:37,2025-10-03 17:37:10
жёѓW28Q83,2025-10-03 15:08:44,2025-10-03 17:11:19
жёѓA0Z1G7,2025-09-30 20:06:53,2025-10-03 16:57:52
жёѓA0Z1G7,2025-09-30 20:06:53,2025-10-03 16:57:48
жёѓA0Z1G7,2025-09-30 20:06:53,2025-10-03 16:57:44
жёѓA0Z1G7,2025-09-30 20:06:53,2025-10-03 16:57:40
жёѓA0Z1G7,2025-09-30 20:06:53,2025-10-03 16:57:36
жёѓA0Z1G7,2025-09-30 20:06:53,2025-10-03 16:57:33
жёѓEEK626,2025-10-03 12:37:46,2025-10-03 15:24:30
жёѓA1RE37,2025-10-02 20:59:27,2025-10-03 13:51:57
жёѓA1RE37,2025-10-02 20:59:27,2025-10-03 13:51:53
жёѓA1C08F,2025-10-02 14:41:05,2025-10-03 10:49:31
жёѓA1C08F,2025-10-02 14:41:05,2025-10-03 10:49:27
жёѓAR0X01,2025-10-03 02:51:18,2025-10-03 10:48:53
ућўKS0891,2025-10-02 23:00:06,2025-10-03 10:34:20
жёѓLF20985,2025-10-02 20:02:18,2025-10-03 10:17:21
жёѓLF20985,2025-10-02 20:02:18,2025-10-03 10:17:17
жёѓEM8579,2025-10-01 15:51:25,2025-10-03 09:24:47
жёѓEM8579,2025-10-01 15:51:25,2025-10-03 09:24:43
жёѓEM8579,2025-10-01 15:51:25,2025-10-03 09:24:39
жёѓEM8579,2025-10-01 15:51:25,2025-10-03 09:24:32
жёѓSD89113,2025-10-02 17:44:13,2025-10-03 09:23:23
жёѓSD89113,2025-10-02 17:44:13,2025-10-03 09:23:18
жёѓJ5Y210,2025-10-02 21:12:18,2025-10-03 09:18:38
жёѓJ5Y210,2025-10-02 21:12:18,2025-10-03 09:18:31
ТхЎB55GY1,2025-10-02 21:16:10,2025-10-03 09:18:17
ТхЎB55GY1,2025-10-02 21:16:10,2025-10-03 09:18:12
у▓цC1373J,2025-10-02 16:09:58,2025-10-03 07:45:35
у▓цC1373J,2025-10-02 16:09:58,2025-10-03 07:45:31
уџќKMU922,2025-10-02 17:34:46,2025-10-03 07:02:58
уџќKMU922,2025-10-02 17:34:46,2025-10-03 07:02:54
у▓цHBC803,2025-10-02 19:14:20,2025-10-03 06:57:00
жёѓAU9234,2025-10-02 13:57:02,2025-10-03 05:03:50
жёѓAU9234,2025-10-02 13:57:02,2025-10-03 05:03:46
жёѓJ5Y210,2025-10-02 14:37:40,2025-10-02 16:07:37
ућўKS0891,2025-10-02 14:32:12,2025-10-02 15:53:13
у▓цHBC803,2025-10-02 15:03:28,2025-10-02 15:34:12
жёѓA1RE37,2025-10-01 23:37:22,2025-10-02 13:37:38
жёѓA1RE37,2025-10-01 23:37:22,2025-10-02 13:37:33
жёѓJ5Y210,2025-10-02 11:21:47,2025-10-02 12:40:48
ТхЎB55GY1,2025-10-02 11:21:41,2025-10-02 12:24:50
жёѓW1U363,2025-10-02 02:52:28,2025-10-02 10:55:39
жёѓAD52Y5,2025-10-01 12:55:42,2025-10-02 10:38:57
жёѓAD52Y5,2025-10-01 12:55:42,2025-10-02 10:38:52
жёѓA6UA87,2025-10-01 22:22:03,2025-10-02 10:24:45
жёѓA6UA87,2025-10-01 22:22:03,2025-10-02 10:24:41
жёѓLF20985,2025-10-01 21:01:55,2025-10-02 10:07:22
жёѓW01C28,2025-10-02 09:11:49,2025-10-02 09:40:44
жёѓA3M7W7,2025-10-01 15:25:21,2025-10-02 09:40:21
жёѓA3M7W7,2025-10-01 15:25:21,2025-10-02 09:40:17
у▓цBGH5225,2025-10-01 20:55:45,2025-10-02 09:35:28
жёѓKF76120,2025-09-30 20:25:15,2025-10-02 08:35:02
жёѓKF76120,2025-09-30 20:25:15,2025-10-02 08:34:51
жёѓKF76120,2025-09-30 20:25:15,2025-10-02 08:34:47
ТхЎF527RL,2025-10-01 12:55:51,2025-10-02 08:20:52
ТхЎF527RL,2025-10-01 12:55:51,2025-10-02 08:20:32
у▓цC1373J,2025-10-01 18:25:31,2025-10-02 08:16:19
у▓цC1373J,2025-10-01 18:25:31,2025-10-02 08:16:10
у▓цB5Q5N8,2025-10-01 22:56:35,2025-10-02 08:10:00
жёѓAZ1818,2025-10-01 20:58:48,2025-10-02 08:09:35
жёѓA42YZ5,2025-10-01 12:56:00,2025-10-02 07:38:24
жёѓA42YZ5,2025-10-01 12:56:00,2025-10-02 07:38:20
жёѓSJ3R26,2025-10-01 16:48:26,2025-10-02 07:07:44
жёѓSJ3R26,2025-10-01 16:48:26,2025-10-02 07:07:40
жёѓHU9K49,2025-10-01 18:34:15,2025-10-01 20:52:35
жёѓLF20985,2025-10-01 13:20:44,2025-10-01 15:50:06
жёѓHU9K49,2025-10-01 13:01:32,2025-10-01 15:18:13
Т╣ўA09T2B,2025-09-30 22:44:15,2025-10-01 14:19:34
Т╣ўA09T2B,2025-09-30 22:44:15,2025-10-01 14:19:30
жёѓLC95V8,2025-09-30 18:12:41,2025-10-01 12:12:15
жёѓLC95V8,2025-09-30 18:12:41,2025-10-01 12:12:09
жёѓJQ7H81,2025-10-01 06:48:45,2025-10-01 11:16:58
жёѓAFJ7265,2025-09-30 11:49:45,2025-10-01 11:01:35
жёѓAFJ7265,2025-09-30 11:49:45,2025-10-01 11:01:31
УІЈE26QT3,2025-10-01 00:31:43,2025-10-01 08:24:18
жёѓA8Q58P,2025-09-30 21:52:05,2025-10-01 08:23:12
Т╣ўA6018S,2025-09-30 23:13:57,2025-10-01 08:05:01
жёѓW6953D,2025-10-01 03:42:24,2025-10-01 06:31:06
жёѓJQ7H81,2025-09-30 19:39:36,2025-10-01 01:44:40
