车牌,入场时间,领取时间
鄂A7N9R6,2025-10-31 15:56:31,2025-10-31 23:50:43
鄂A7N9R6,2025-10-31 15:56:31,2025-10-31 23:50:39
冀R8N2V2,2025-10-29 16:51:32,2025-10-31 22:43:36
冀R8N2V2,2025-10-29 16:51:32,2025-10-31 22:43:26
冀R8N2V2,2025-10-29 16:51:32,2025-10-31 22:43:26
冀R8N2V2,2025-10-29 16:51:32,2025-10-31 22:43:26
冀R8N2V2,2025-10-29 16:51:32,2025-10-31 22:43:26
鄂A8F4G1,2025-10-27 10:27:05,2025-10-31 19:50:27
鄂A8F4G1,2025-10-27 10:27:05,2025-10-31 19:50:22
鄂A8F4G1,2025-10-27 10:27:05,2025-10-31 19:50:17
鄂A8F4G1,2025-10-27 10:27:05,2025-10-31 19:50:13
鄂A8F4G1,2025-10-27 10:27:05,2025-10-31 19:50:13
鄂A8F4G1,2025-10-27 10:27:05,2025-10-31 19:50:13
鄂A8F4G1,2025-10-27 10:27:05,2025-10-31 19:50:13
鄂A8F4G1,2025-10-27 10:27:05,2025-10-31 19:50:13
鄂A8F4G1,2025-10-27 10:27:05,2025-10-31 19:50:13
鄂A0Z1G7,2025-10-29 19:26:48,2025-10-31 19:49:27
鄂A0Z1G7,2025-10-29 19:26:48,2025-10-31 19:49:23
鄂A0Z1G7,2025-10-29 19:26:48,2025-10-31 19:49:20
鄂A0Z1G7,2025-10-29 19:26:48,2025-10-31 19:49:16
鄂A0Z1G7,2025-10-29 19:26:48,2025-10-31 19:49:13
云AA2D71,2025-10-31 15:24:21,2025-10-31 19:07:16
鄂A7N9R6,2025-10-31 14:15:11,2025-10-31 15:37:53
鄂KB9E58,2025-10-30 19:16:18,2025-10-31 13:57:54
鄂KB9E58,2025-10-30 19:16:18,2025-10-31 13:57:50
皖N8H901,2025-10-30 16:33:17,2025-10-31 09:22:50
皖N8H901,2025-10-30 16:33:17,2025-10-31 09:22:46
云AA2D71,2025-10-30 17:02:29,2025-10-31 08:46:16
云AA2D71,2025-10-30 17:02:29,2025-10-31 08:46:08
闽DSS872,2025-10-30 18:13:36,2025-10-31 07:20:00
闽DSS872,2025-10-30 18:13:36,2025-10-31 07:19:56
鄂W28Q83,2025-10-30 18:59:35,2025-10-30 21:48:37
鄂KB9E58,2025-10-30 12:11:18,2025-10-30 15:53:47
鄂FB5K72,2025-10-29 20:46:19,2025-10-30 10:31:12
鄂FB5K72,2025-10-29 20:46:19,2025-10-30 10:31:08
苏E5LL90,2025-10-29 22:00:05,2025-10-30 10:26:26
苏E5LL90,2025-10-29 22:00:05,2025-10-30 10:26:22
皖N8H901,2025-10-29 21:35:28,2025-10-30 10:21:54
皖N8H901,2025-10-29 21:35:28,2025-10-30 10:21:48
鄂KB9E58,2025-10-29 19:09:26,2025-10-30 09:57:18
鄂KB9E58,2025-10-29 19:09:26,2025-10-30 09:57:14
云AA2D71,2025-10-29 20:30:38,2025-10-30 09:42:37
云AA2D71,2025-10-29 20:30:38,2025-10-30 09:42:33
鄂W231S1,2025-10-29 21:06:25,2025-10-30 09:25:00
鄂W231S1,2025-10-29 21:06:25,2025-10-30 09:24:56
浙J8A0Z9,2025-10-29 18:03:58,2025-10-30 08:57:20
浙J8A0Z9,2025-10-29 18:03:58,2025-10-30 08:57:16
鄂A0Q70P,2025-10-29 23:51:32,2025-10-30 07:38:20
鄂A76AV7,2025-10-29 18:41:18,2025-10-30 06:08:05
鄂B8YC55,2025-10-29 19:51:58,2025-10-29 20:59:35
皖N8H901,2025-10-29 14:05:37,2025-10-29 20:57:35
苏E5LL90,2025-10-29 15:12:06,2025-10-29 18:05:21
冀R8N2V2,2025-10-25 23:03:46,2025-10-29 14:26:09
冀R8N2V2,2025-10-25 23:03:46,2025-10-29 14:26:04
冀R8N2V2,2025-10-25 23:03:46,2025-10-29 14:26:00
冀R8N2V2,2025-10-25 23:03:46,2025-10-29 14:25:55
冀R8N2V2,2025-10-25 23:03:46,2025-10-29 14:25:55
冀R8N2V2,2025-10-25 23:03:46,2025-10-29 14:25:48
冀R8N2V2,2025-10-25 23:03:46,2025-10-29 14:25:48
冀R8N2V2,2025-10-25 23:03:46,2025-10-29 14:25:41
鄂A0Z1G7,2025-10-27 19:41:35,2025-10-29 14:22:09
鄂A0Z1G7,2025-10-27 19:41:35,2025-10-29 14:22:05
鄂A0Z1G7,2025-10-27 19:41:35,2025-10-29 14:22:01
鄂A0Z1G7,2025-10-27 19:41:35,2025-10-29 14:21:58
鄂KB9E58,2025-10-29 12:19:55,2025-10-29 14:07:25
鄂WFQ185,2025-10-28 18:45:45,2025-10-29 12:01:41
鄂WFQ185,2025-10-28 18:45:45,2025-10-29 12:01:37
鄂KB9E58,2025-10-28 20:07:48,2025-10-29 09:22:02
鄂KB9E58,2025-10-28 20:07:48,2025-10-29 09:21:59
云AA2D71,2025-10-28 16:43:19,2025-10-29 08:39:41
云AA2D71,2025-10-28 16:43:19,2025-10-29 08:39:38
鄂AT9Q55,2025-10-28 23:58:29,2025-10-29 08:35:45
浙J8A0Z9,2025-10-28 17:28:46,2025-10-29 08:35:24
浙J8A0Z9,2025-10-28 17:28:46,2025-10-29 08:35:20
鄂W633Q1,2025-10-28 23:01:57,2025-10-29 07:14:09
鄂W7710K,2025-10-28 19:33:09,2025-10-29 07:03:38
鄂W633Q1,2025-10-28 15:43:29,2025-10-28 20:38:23
湘AH99R6,2025-10-27 20:49:15,2025-10-28 09:28:55
湘AH99R6,2025-10-27 20:49:15,2025-10-28 09:28:51
鄂JGS738,2025-10-27 17:49:44,2025-10-28 09:19:09
鄂JGS738,2025-10-27 17:49:44,2025-10-28 09:19:05
鄂SD63186,2025-10-27 21:26:28,2025-10-28 09:10:18
鄂SD28866,2025-10-27 14:27:14,2025-10-28 09:09:58
鄂SD28866,2025-10-27 14:27:14,2025-10-28 09:09:54
云AA2D71,2025-10-27 17:41:38,2025-10-28 08:37:10
云AA2D71,2025-10-27 17:41:38,2025-10-28 08:37:05
鄂SD59583,2025-10-27 14:27:19,2025-10-28 07:56:25
鄂SD59583,2025-10-27 14:27:19,2025-10-28 07:56:21
闽DSS872,2025-10-27 20:24:06,2025-10-28 07:29:24
鄂W7710K,2025-10-27 21:46:18,2025-10-28 06:12:04
鄂FPQ167,2025-10-28 00:58:56,2025-10-28 03:39:44
鄂A6NA11,2025-10-27 18:29:38,2025-10-28 01:20:17
鄂AB64W8,2025-10-27 21:26:32,2025-10-28 00:35:05
鄂BCU166,2025-10-27 17:49:34,2025-10-27 20:03:18
鄂A8Q58P,2025-10-27 09:34:09,2025-10-27 19:40:28
鄂SD63186,2025-10-27 14:29:05,2025-10-27 18:54:20
鄂AAG4953,2025-10-27 17:27:33,2025-10-27 18:53:54
鄂WFQ185,2025-10-26 23:45:43,2025-10-27 15:04:17
鄂WFQ185,2025-10-26 23:45:43,2025-10-27 15:04:14
鄂J9R166,2025-10-26 19:21:34,2025-10-27 13:52:57
鄂J9R166,2025-10-26 19:21:34,2025-10-27 13:52:52
鄂A7N9R6,2025-10-24 15:20:59,2025-10-27 13:47:40
鄂A7N9R6,2025-10-24 15:20:59,2025-10-27 13:47:36
鄂A7N9R6,2025-10-24 15:20:59,2025-10-27 13:47:33
鄂A7N9R6,2025-10-24 15:20:59,2025-10-27 13:47:29
鄂A7N9R6,2025-10-24 15:20:59,2025-10-27 13:47:25
鄂A7N9R6,2025-10-24 15:20:59,2025-10-27 13:47:19
鄂AB09H3,2025-10-26 20:51:24,2025-10-27 10:03:57
鄂AB09H3,2025-10-26 20:51:24,2025-10-27 10:03:52
湘C9E916,2025-10-26 20:54:38,2025-10-27 10:02:30
湘C9E916,2025-10-26 20:54:38,2025-10-27 10:02:26
苏B903XX,2025-10-26 13:29:30,2025-10-27 09:57:17
苏B903XX,2025-10-26 13:29:30,2025-10-27 09:57:14
鄂AM245J,2025-10-26 16:24:01,2025-10-27 08:51:38
鄂AM245J,2025-10-26 16:24:01,2025-10-27 08:51:34
云AA2D71,2025-10-25 13:41:09,2025-10-27 08:26:51
云AA2D71,2025-10-25 13:41:09,2025-10-27 08:26:47
云AA2D71,2025-10-25 13:41:09,2025-10-27 08:26:43
云AA2D71,2025-10-25 13:41:09,2025-10-27 08:26:35
鄂FD00982,2025-10-26 17:39:25,2025-10-27 07:54:04
鄂FD00982,2025-10-26 17:39:25,2025-10-27 07:54:00
鄂SS60F0,2025-10-26 16:00:00,2025-10-27 02:04:53
鄂A83JC0,2025-10-26 14:47:44,2025-10-27 02:04:40
鄂A8F4G1,2025-10-23 18:53:23,2025-10-26 19:21:18
鄂A8F4G1,2025-10-23 18:53:23,2025-10-26 19:21:14
鄂A8F4G1,2025-10-23 18:53:23,2025-10-26 19:21:10
鄂A8F4G1,2025-10-23 18:53:23,2025-10-26 19:21:07
鄂A8F4G1,2025-10-23 18:53:23,2025-10-26 19:21:04
鄂A8F4G1,2025-10-23 18:53:23,2025-10-26 19:21:00
鄂A8F4G1,2025-10-23 18:53:23,2025-10-26 19:20:55
鄂A3498C,2025-10-26 14:36:01,2025-10-26 17:11:49
鄂AB09H3,2025-10-26 10:04:30,2025-10-26 12:27:44
鄂WFQ185,2025-10-23 21:18:25,2025-10-26 12:19:21
鄂WFQ185,2025-10-23 21:18:25,2025-10-26 12:19:17
鄂WFQ185,2025-10-23 21:18:25,2025-10-26 12:19:13
鄂WFQ185,2025-10-23 21:18:25,2025-10-26 12:19:10
鄂WFQ185,2025-10-23 21:18:25,2025-10-26 12:19:06
鄂WFQ185,2025-10-23 21:18:25,2025-10-26 12:19:01
鄂W7710K,2025-10-25 18:07:22,2025-10-26 12:12:29
鄂W7710K,2025-10-25 18:07:22,2025-10-26 12:12:25
鄂A5049B,2025-10-26 09:29:23,2025-10-26 11:19:35
鄂A90AR7,2025-10-25 19:43:26,2025-10-26 10:10:17
鄂A90AR7,2025-10-25 19:43:26,2025-10-26 10:10:14
鄂BD16779,2025-10-25 21:00:09,2025-10-26 08:14:20
湘AAC1909,2025-10-25 16:56:52,2025-10-26 07:51:35
湘AAC1909,2025-10-25 16:56:52,2025-10-26 07:51:30
鄂FD00982,2025-10-24 17:10:07,2025-10-26 07:25:23
鄂FD00982,2025-10-24 17:10:07,2025-10-26 07:25:19
鄂FD00982,2025-10-24 17:10:07,2025-10-26 07:25:15
鄂FD00982,2025-10-24 17:10:07,2025-10-26 07:25:10
鄂HJ09C5,2025-10-24 17:29:12,2025-10-26 07:00:33
鄂HJ09C5,2025-10-24 17:29:12,2025-10-26 07:00:28
鄂HJ09C5,2025-10-24 17:29:12,2025-10-26 07:00:23
鄂HJ09C5,2025-10-24 17:29:12,2025-10-26 07:00:19
鄂A6R5R0,2025-10-25 19:38:49,2025-10-26 00:03:31
鄂BFB9881,2025-10-25 16:24:50,2025-10-25 22:46:57
鄂BFB9881,2025-10-25 16:24:50,2025-10-25 22:41:58
鄂BD16779,2025-10-25 17:04:12,2025-10-25 19:08:31
鄂A8AB88,2025-10-25 12:47:53,2025-10-25 16:00:57
苏E5LL90,2025-10-25 11:42:55,2025-10-25 14:32:34
湘AAC1909,2025-10-25 13:24:03,2025-10-25 14:11:27
苏UY3G62,2025-10-24 19:52:15,2025-10-25 11:30:54
苏UY3G62,2025-10-24 19:52:15,2025-10-25 11:30:50
冀R8N2V2,2025-10-18 20:33:55,2025-10-25 08:23:03
冀R8N2V2,2025-10-18 20:33:55,2025-10-25 08:22:59
冀R8N2V2,2025-10-18 20:33:55,2025-10-25 08:22:55
冀R8N2V2,2025-10-18 20:33:55,2025-10-25 08:22:49
冀R8N2V2,2025-10-18 20:33:55,2025-10-25 08:22:49
冀R8N2V2,2025-10-18 20:33:55,2025-10-25 08:22:49
冀R8N2V2,2025-10-18 20:33:55,2025-10-25 08:22:49
冀R8N2V2,2025-10-18 20:33:55,2025-10-25 08:22:49
冀R8N2V2,2025-10-18 20:33:55,2025-10-25 08:22:49
冀R8N2V2,2025-10-18 20:33:55,2025-10-25 08:22:49
冀R8N2V2,2025-10-18 20:33:55,2025-10-25 08:22:49
冀R8N2V2,2025-10-18 20:33:55,2025-10-25 08:22:49
冀R8N2V2,2025-10-18 20:33:55,2025-10-25 08:22:49
湘J56D68,2025-10-24 18:09:55,2025-10-25 06:53:25
湘J56D68,2025-10-24 18:09:55,2025-10-25 06:49:14
鄂A03DB7,2025-10-24 09:26:57,2025-10-24 10:47:07
鄂A3M7W7,2025-10-24 04:09:29,2025-10-24 10:46:18
湘A83SK5,2025-10-23 20:54:00,2025-10-24 09:41:36
湘A83SK5,2025-10-23 20:54:00,2025-10-24 09:41:29
云AA2D71,2025-10-22 17:06:46,2025-10-24 08:25:35
云AA2D71,2025-10-22 17:06:46,2025-10-24 08:25:32
云AA2D71,2025-10-22 17:06:46,2025-10-24 08:25:28
云AA2D71,2025-10-22 17:06:46,2025-10-24 08:25:24
苏B25M8A,2025-10-23 19:48:07,2025-10-24 08:17:38
苏B25M8A,2025-10-23 19:48:07,2025-10-24 08:17:35
浙J8A0Z9,2025-10-23 19:09:53,2025-10-24 07:58:43
浙J8A0Z9,2025-10-23 19:09:53,2025-10-24 07:58:37
苏E5LL90,2025-10-23 15:21:37,2025-10-24 07:56:27
苏E5LL90,2025-10-23 15:21:37,2025-10-24 07:56:24
湘J56D68,2025-10-23 17:43:37,2025-10-24 06:57:52
湘J56D68,2025-10-23 17:43:37,2025-10-24 06:57:49
鄂HJ09C5,2025-10-23 19:59:57,2025-10-24 06:56:27
鄂DF76399,2025-10-23 22:32:12,2025-10-24 06:25:38
鄂A8F4G1,2025-10-22 20:57:01,2025-10-23 15:50:53
鄂A8F4G1,2025-10-22 20:57:01,2025-10-23 15:50:49
苏UY3G62,2025-10-18 19:00:48,2025-10-23 15:47:00
苏UY3G62,2025-10-18 19:00:48,2025-10-23 15:46:56
苏UY3G62,2025-10-18 19:00:48,2025-10-23 15:46:51
苏UY3G62,2025-10-18 19:00:48,2025-10-23 15:46:47
苏UY3G62,2025-10-18 19:00:48,2025-10-23 15:46:43
苏UY3G62,2025-10-18 19:00:48,2025-10-23 15:46:39
苏UY3G62,2025-10-18 19:00:48,2025-10-23 15:46:34
苏UY3G62,2025-10-18 19:00:48,2025-10-23 15:46:30
苏UY3G62,2025-10-18 19:00:48,2025-10-23 15:46:26
苏UY3G62,2025-10-18 19:00:48,2025-10-23 15:46:22
鄂A5AC62,2025-10-23 04:01:31,2025-10-23 14:31:20
鄂AB22E0,2025-10-23 11:53:02,2025-10-23 14:22:04
鄂A7N9R6,2025-10-21 12:04:36,2025-10-23 14:07:59
鄂A7N9R6,2025-10-21 12:04:36,2025-10-23 14:07:55
鄂A7N9R6,2025-10-21 12:04:36,2025-10-23 14:07:50
京ACT2316,2025-10-23 12:28:49,2025-10-23 12:59:23
浙J8A0Z9,2025-10-22 20:25:52,2025-10-23 08:29:26
浙J8A0Z9,2025-10-22 20:25:52,2025-10-23 08:29:22
苏E5LL90,2025-10-22 21:48:22,2025-10-23 00:32:40
鄂A91KK1,2025-10-22 20:32:38,2025-10-22 22:47:12
皖CRG687,2025-10-22 19:10:51,2025-10-22 19:48:43
鄂BEZ582,2025-10-20 18:21:09,2025-10-22 16:11:17
鄂BEZ582,2025-10-20 18:21:09,2025-10-22 16:11:13
鄂BEZ582,2025-10-20 18:21:09,2025-10-22 16:11:09
鄂BEZ582,2025-10-20 18:21:09,2025-10-22 16:11:04
鄂A8F4G1,2025-10-22 14:10:03,2025-10-22 15:17:57
鄂WR5397,2025-10-21 14:14:58,2025-10-22 14:20:57
鄂WR5397,2025-10-21 14:14:58,2025-10-22 14:20:53
鄂WR5397,2025-10-21 14:14:58,2025-10-22 14:20:49
鄂A5AC62,2025-10-22 03:05:43,2025-10-22 13:35:21
鄂A7N9R6,2025-10-21 12:04:36,2025-10-22 13:10:01
鄂A7N9R6,2025-10-21 12:04:36,2025-10-22 13:09:56
苏EDK9285,2025-10-22 11:36:15,2025-10-22 12:03:14
苏B25M8A,2025-10-21 17:51:46,2025-10-22 10:56:07
苏B25M8A,2025-10-21 17:51:46,2025-10-22 10:56:04
粤BP57Y9,2025-10-22 09:14:57,2025-10-22 10:27:08
苏EDK9285,2025-10-21 18:41:38,2025-10-22 09:15:26
云AA2D71,2025-10-21 16:48:32,2025-10-22 08:57:59
云AA2D71,2025-10-21 16:48:32,2025-10-22 08:57:55
苏E5LL90,2025-10-21 21:08:17,2025-10-22 08:39:30
浙J8A0Z9,2025-10-21 19:37:40,2025-10-22 08:31:34
皖CRG687,2025-10-21 18:19:48,2025-10-22 07:14:57
皖CRG687,2025-10-21 18:19:48,2025-10-22 07:14:53
粤BP57Y9,2025-10-21 12:15:17,2025-10-21 19:20:01
鄂W1M571,2025-10-21 16:12:01,2025-10-21 18:39:08
粤W1K629,2025-10-20 21:51:21,2025-10-21 18:38:56
粤W1K629,2025-10-20 21:51:21,2025-10-21 18:38:52
鄂A25S9A,2025-10-21 14:30:32,2025-10-21 16:32:43
苏E5LL90,2025-10-21 12:13:45,2025-10-21 15:43:02
鄂W1M571,2025-10-21 11:35:45,2025-10-21 14:53:29
鄂AD03709,2025-10-20 21:11:49,2025-10-21 12:07:13
粤BP57Y9,2025-10-21 09:49:11,2025-10-21 11:33:17
鄂A6UA87,2025-10-20 21:16:58,2025-10-21 09:53:25
鄂A6UA87,2025-10-20 21:16:58,2025-10-21 09:53:21
湘A1F5P3,2025-10-20 19:17:31,2025-10-21 09:28:57
湘A1F5P3,2025-10-20 19:17:31,2025-10-21 09:28:53
云AA2D71,2025-10-20 14:58:47,2025-10-21 09:03:12
云AA2D71,2025-10-20 14:58:47,2025-10-21 09:03:06
浙J8A0Z9,2025-10-20 21:12:36,2025-10-21 08:52:21
鄂D5S995,2025-10-20 14:32:47,2025-10-21 08:50:06
鄂D5S995,2025-10-20 14:32:47,2025-10-21 08:49:58
苏EDK9285,2025-10-20 19:36:17,2025-10-21 08:48:52
苏EDK9285,2025-10-20 19:36:17,2025-10-21 08:48:47
鄂AD03709,2025-10-20 21:11:49,2025-10-21 08:14:45
苏B25M8A,2025-10-20 17:30:18,2025-10-21 07:43:56
苏B25M8A,2025-10-20 17:30:18,2025-10-21 07:43:52
鄂A8M6E7,2025-10-20 21:30:37,2025-10-21 07:43:14
鄂AV149H,2025-10-20 19:46:21,2025-10-21 06:56:42
鄂JQ0Q72,2025-10-20 20:40:53,2025-10-21 06:20:31
粤BP57Y9,2025-10-20 20:14:40,2025-10-21 00:00:43
鄂W1M571,2025-10-20 21:51:15,2025-10-20 23:37:25
鄂AD03709,2025-10-20 09:01:18,2025-10-20 19:51:26
鄂WFQ185,2025-10-20 11:20:07,2025-10-20 11:45:39
云AA2D71,2025-10-19 19:49:39,2025-10-20 09:17:13
云AA2D71,2025-10-19 19:49:39,2025-10-20 09:17:09
鄂A8F4G1,2025-10-19 11:25:18,2025-10-20 08:33:32
鄂A8F4G1,2025-10-19 11:25:18,2025-10-20 08:28:23
苏EDK9285,2025-10-19 19:48:32,2025-10-20 08:24:47
苏EDK9285,2025-10-19 19:48:32,2025-10-20 08:24:43
鄂AAR6223,2025-10-19 22:12:27,2025-10-20 07:55:25
鄂W633Q1,2025-10-19 20:08:06,2025-10-20 07:13:14
鄂A7M0M3,2025-10-19 18:22:54,2025-10-19 23:56:17
鄂AF89882,2025-10-19 14:52:22,2025-10-19 16:18:24
鄂W1256T,2025-10-18 20:52:00,2025-10-19 13:45:05
鄂W1256T,2025-10-18 20:52:00,2025-10-19 13:45:01
鄂AAE7399,2025-10-18 13:18:16,2025-10-19 13:29:38
鄂AAE7399,2025-10-18 13:18:16,2025-10-19 13:29:34
鄂AAE7399,2025-10-18 13:18:16,2025-10-19 13:29:30
湘AA73583,2025-10-18 15:11:09,2025-10-19 11:48:18
湘AA73583,2025-10-18 15:11:09,2025-10-19 11:48:14
鄂LDA3300,2025-10-19 03:37:39,2025-10-19 11:45:06
鄂A8F4G1,2025-10-18 19:53:59,2025-10-19 10:48:58
鄂A8F4G1,2025-10-18 19:53:59,2025-10-19 10:48:53
鄂G76V54,2025-10-18 23:41:34,2025-10-19 10:27:12
皖N23Z17,2025-10-18 23:52:33,2025-10-19 10:00:28
鄂HQC368,2025-10-18 22:19:50,2025-10-19 09:26:06
鄂M1D082,2025-10-18 17:48:53,2025-10-19 08:30:20
鄂M1D082,2025-10-18 17:48:53,2025-10-19 08:30:15
鄂A5V58X,2025-10-19 04:33:06,2025-10-19 08:09:33
鄂A3498C,2025-10-18 21:34:22,2025-10-19 05:38:12
鄂A0898C,2025-10-18 09:57:57,2025-10-19 05:14:30
鄂A0898C,2025-10-18 09:57:57,2025-10-19 05:14:26
鄂LDA3300,2025-10-18 21:16:30,2025-10-19 01:29:48
鄂A0Z1G7,2025-10-16 15:35:58,2025-10-18 17:26:50
鄂A0Z1G7,2025-10-16 15:35:58,2025-10-18 17:26:46
鄂A0Z1G7,2025-10-16 15:35:58,2025-10-18 17:26:43
鄂A0Z1G7,2025-10-16 15:35:58,2025-10-18 17:26:38
鄂A0Z1G7,2025-10-16 15:35:58,2025-10-18 17:26:35
鄂WFQ185,2025-10-16 22:00:32,2025-10-18 15:59:51
鄂WFQ185,2025-10-16 22:00:32,2025-10-18 15:59:47
鄂WFQ185,2025-10-16 22:00:32,2025-10-18 15:59:43
鄂WFQ185,2025-10-16 22:00:32,2025-10-18 15:59:39
鄂A8F4G1,2025-10-18 11:40:38,2025-10-18 13:41:34
浙J8A0Z9,2025-10-17 21:06:09,2025-10-18 09:29:58
浙J8A0Z9,2025-10-17 21:06:09,2025-10-18 09:29:54
湘AA73583,2025-10-17 16:24:19,2025-10-18 09:29:27
湘AA73583,2025-10-17 16:24:19,2025-10-18 09:29:10
鄂A022QN,2025-10-17 18:00:11,2025-10-18 08:30:06
鄂A022QN,2025-10-17 18:00:11,2025-10-18 08:29:34
冀R8N2V2,2025-10-12 19:41:17,2025-10-18 08:19:53
冀R8N2V2,2025-10-12 19:41:17,2025-10-18 08:19:48
冀R8N2V2,2025-10-12 19:41:17,2025-10-18 08:19:43
冀R8N2V2,2025-10-12 19:41:17,2025-10-18 08:19:43
冀R8N2V2,2025-10-12 19:41:17,2025-10-18 08:19:43
冀R8N2V2,2025-10-12 19:41:17,2025-10-18 08:19:43
冀R8N2V2,2025-10-12 19:41:17,2025-10-18 08:19:43
冀R8N2V2,2025-10-12 19:41:17,2025-10-18 08:19:43
冀R8N2V2,2025-10-12 19:41:17,2025-10-18 08:19:43
冀R8N2V2,2025-10-12 19:41:17,2025-10-18 08:19:43
冀R8N2V2,2025-10-12 19:41:17,2025-10-18 08:19:43
冀R8N2V2,2025-10-12 19:41:17,2025-10-18 08:19:43
冀BDJ500,2025-10-17 19:01:52,2025-10-18 08:18:46
冀BDJ500,2025-10-17 19:01:52,2025-10-18 08:18:41
鄂A889LK,2025-10-17 18:02:18,2025-10-18 07:49:58
鄂A889LK,2025-10-17 18:02:18,2025-10-18 07:49:54
鄂APC377,2025-10-18 07:15:02,2025-10-18 07:48:37
鄂H50U21,2025-10-17 20:47:36,2025-10-18 07:43:24
鄂AAE7399,2025-10-17 19:09:34,2025-10-18 06:53:01
鄂AGR174,2025-10-17 20:15:06,2025-10-18 04:16:49
鄂A97M8A,2025-10-17 18:03:59,2025-10-18 00:20:16
鄂AUN949,2025-10-17 18:00:42,2025-10-18 00:19:54
鄂A8U2K0,2025-10-17 17:58:23,2025-10-18 00:19:31
鄂A83JC0,2025-10-17 17:55:34,2025-10-18 00:19:17
鄂ANZ600,2025-10-17 17:45:49,2025-10-18 00:19:02
鄂W595V3,2025-10-17 17:54:58,2025-10-18 00:18:37
鄂AAE7399,2025-10-17 16:34:49,2025-10-17 17:57:01
鄂H50U21,2025-10-17 14:01:48,2025-10-17 15:54:39
苏E5LL90,2025-10-17 10:57:17,2025-10-17 14:23:30
苏B8S898,2025-10-16 16:27:14,2025-10-17 14:15:52
苏B8S898,2025-10-16 16:27:14,2025-10-17 14:15:48
苏UY3G62,2025-10-17 11:58:20,2025-10-17 13:46:20
鄂A03DB7,2025-10-17 08:47:35,2025-10-17 10:22:53
苏AH10U5,2025-10-16 15:13:11,2025-10-17 09:34:06
苏AH10U5,2025-10-16 15:13:11,2025-10-17 09:34:01
鄂FZ516F,2025-10-16 23:04:34,2025-10-17 08:50:01
鄂W1813Z,2025-10-16 23:22:30,2025-10-17 08:49:44
浙J8A0Z9,2025-10-16 23:55:20,2025-10-17 08:39:22
鄂KK5590,2025-10-16 21:58:41,2025-10-17 08:03:35
苏E5LL90,2025-10-16 19:11:47,2025-10-17 07:33:24
苏E5LL90,2025-10-16 19:11:47,2025-10-17 07:33:18
鄂KF76120,2025-10-16 23:12:16,2025-10-17 06:45:55
鄂A8Q58P,2025-10-16 09:18:13,2025-10-16 19:37:44
鄂AAF1908,2025-10-16 11:59:32,2025-10-16 14:57:49
鄂WFQ185,2025-10-16 12:49:08,2025-10-16 14:03:23
赣A2505A,2025-10-11 11:54:20,2025-10-16 11:29:54
赣A2505A,2025-10-11 11:54:20,2025-10-16 11:29:50
赣A2505A,2025-10-11 11:54:20,2025-10-16 11:29:46
赣A2505A,2025-10-11 11:54:20,2025-10-16 11:29:42
赣A2505A,2025-10-11 11:54:20,2025-10-16 11:29:37
赣A2505A,2025-10-11 11:54:20,2025-10-16 11:29:34
赣A2505A,2025-10-11 11:54:20,2025-10-16 11:29:30
赣A2505A,2025-10-11 11:54:20,2025-10-16 11:29:26
赣A2505A,2025-10-11 11:54:20,2025-10-16 11:29:22
赣A2505A,2025-10-11 11:54:20,2025-10-16 11:29:18
苏E5LL90,2025-10-15 19:26:21,2025-10-16 10:56:27
苏E5LL90,2025-10-15 19:26:21,2025-10-16 10:56:23
鄂AA55T8,2025-10-15 18:04:16,2025-10-16 10:29:11
鄂AA55T8,2025-10-15 18:04:16,2025-10-16 10:29:07
鄂A0Z1G7,2025-10-13 10:52:03,2025-10-16 09:32:04
鄂A0Z1G7,2025-10-13 10:52:03,2025-10-16 09:32:01
鄂A0Z1G7,2025-10-13 10:52:03,2025-10-16 09:31:56
鄂A0Z1G7,2025-10-13 10:52:03,2025-10-16 09:31:56
鄂A0Z1G7,2025-10-13 10:52:03,2025-10-16 09:31:56
鄂A0Z1G7,2025-10-13 10:52:03,2025-10-16 09:31:56
苏AH10U5,2025-10-15 18:13:13,2025-10-16 09:21:09
苏AH10U5,2025-10-15 18:13:13,2025-10-16 09:21:05
鄂WFQ185,2025-10-15 12:27:25,2025-10-16 09:02:55
鄂WFQ185,2025-10-15 12:27:25,2025-10-16 09:02:51
鄂ADX0667,2025-10-15 19:07:23,2025-10-16 08:29:04
鄂ADX0667,2025-10-15 19:07:23,2025-10-16 08:28:59
浙J8A0Z9,2025-10-15 21:57:31,2025-10-16 07:59:51
鄂KF76120,2025-10-15 19:28:44,2025-10-16 06:33:24
苏E5LL90,2025-10-15 16:48:13,2025-10-15 17:24:57
苏E5LL90,2025-10-15 12:28:53,2025-10-15 16:23:39
鄂WFQ185,2025-10-14 19:35:52,2025-10-15 08:57:43
鄂WFQ185,2025-10-14 19:35:52,2025-10-15 08:57:38
苏AH10U5,2025-10-14 16:23:57,2025-10-15 08:49:14
鄂A6UA87,2025-10-14 21:46:33,2025-10-15 08:20:11
浙J8A0Z9,2025-10-14 23:55:17,2025-10-15 08:10:28
苏EFF9218,2025-10-14 23:50:45,2025-10-15 07:54:44
苏U0G476,2025-10-14 21:34:03,2025-10-15 07:35:45
苏E5LL90,2025-10-14 18:18:24,2025-10-14 23:48:50
鄂WFQ185,2025-10-14 12:52:41,2025-10-14 17:37:25
苏B98K42,2025-10-06 13:57:37,2025-10-14 15:32:06
苏B98K42,2025-10-06 13:57:37,2025-10-14 15:32:03
苏B98K42,2025-10-06 13:57:37,2025-10-14 15:31:59
苏B98K42,2025-10-06 13:57:37,2025-10-14 15:31:55
苏B98K42,2025-10-06 13:57:37,2025-10-14 15:31:55
苏B98K42,2025-10-06 13:57:37,2025-10-14 15:31:55
苏B98K42,2025-10-06 13:57:37,2025-10-14 15:31:48
苏B98K42,2025-10-06 13:57:37,2025-10-14 15:31:48
苏B98K42,2025-10-06 13:57:37,2025-10-14 15:31:48
苏B98K42,2025-10-06 13:57:37,2025-10-14 15:31:41
苏B98K42,2025-10-06 13:57:37,2025-10-14 15:31:41
苏B98K42,2025-10-06 13:57:37,2025-10-14 15:31:41
苏B98K42,2025-10-06 13:57:37,2025-10-14 15:31:41
苏B98K42,2025-10-06 13:57:37,2025-10-14 15:31:41
苏B98K42,2025-10-06 13:57:37,2025-10-14 15:31:41
苏B98K42,2025-10-06 13:57:37,2025-10-14 15:31:41
苏B98K42,2025-10-06 13:57:37,2025-10-14 15:31:41
苏E5LL90,2025-10-14 13:05:50,2025-10-14 15:28:20
鄂AA55T8,2025-10-14 11:38:15,2025-10-14 13:29:36
豫SFA9072,2025-10-14 11:19:51,2025-10-14 12:41:34
苏E5LL90,2025-10-13 21:38:47,2025-10-14 10:52:15
苏E5LL90,2025-10-13 21:38:47,2025-10-14 10:52:11
鄂AA55T8,2025-10-14 02:29:42,2025-10-14 10:40:35
鄂AD01M8,2025-10-13 18:39:52,2025-10-14 09:04:39
鄂AD01M8,2025-10-13 18:39:52,2025-10-14 09:04:35
苏AH10U5,2025-10-13 18:50:13,2025-10-14 09:00:12
苏AH10U5,2025-10-13 18:50:13,2025-10-14 09:00:04
豫SFA9072,2025-10-13 19:20:00,2025-10-14 08:59:19
鄂AFN8286,2025-10-13 23:02:33,2025-10-14 08:41:23
浙J8A0Z9,2025-10-13 22:39:08,2025-10-14 08:38:36
鄂WFQ185,2025-10-13 19:40:21,2025-10-14 08:31:57
鄂WFQ185,2025-10-13 19:40:21,2025-10-14 08:31:54
苏E5LL90,2025-10-13 18:41:16,2025-10-13 20:41:14
苏E5LL90,2025-10-13 11:05:36,2025-10-13 14:09:35
鄂A0Z1G7,2025-10-10 21:17:34,2025-10-13 09:56:22
鄂A0Z1G7,2025-10-10 21:17:34,2025-10-13 09:56:18
鄂A0Z1G7,2025-10-10 21:17:34,2025-10-13 09:56:18
鄂A0Z1G7,2025-10-10 21:17:34,2025-10-13 09:56:18
鄂A0Z1G7,2025-10-10 21:17:34,2025-10-13 09:56:18
鄂A0Z1G7,2025-10-10 21:17:34,2025-10-13 09:56:18
湘A12E3Y,2025-10-13 01:32:57,2025-10-13 09:31:27
湘A67SH7,2025-10-13 00:49:01,2025-10-13 09:31:09
苏AH10U5,2025-10-11 18:36:36,2025-10-13 08:52:46
苏AH10U5,2025-10-11 18:36:36,2025-10-13 08:52:42
苏AH10U5,2025-10-11 18:36:36,2025-10-13 08:52:39
苏AH10U5,2025-10-11 18:36:36,2025-10-13 08:52:35
浙J8A0Z9,2025-10-13 00:08:08,2025-10-13 07:48:48
苏UY3G62,2025-10-11 15:43:42,2025-10-12 14:35:34
苏UY3G62,2025-10-11 15:43:42,2025-10-12 14:35:30
鄂AB95121,2025-10-11 20:14:19,2025-10-12 14:03:50
鄂AB95121,2025-10-11 20:14:19,2025-10-12 14:03:47
苏E5LL90,2025-10-12 11:31:21,2025-10-12 13:04:13
冀R8N2V2,2025-10-07 17:06:48,2025-10-12 10:48:47
冀R8N2V2,2025-10-07 17:06:48,2025-10-12 10:48:41
冀R8N2V2,2025-10-07 17:06:48,2025-10-12 10:48:37
冀R8N2V2,2025-10-07 17:06:48,2025-10-12 10:48:34
冀R8N2V2,2025-10-07 17:06:48,2025-10-12 10:48:30
冀R8N2V2,2025-10-07 17:06:48,2025-10-12 10:48:30
冀R8N2V2,2025-10-07 17:06:48,2025-10-12 10:48:30
冀R8N2V2,2025-10-07 17:06:48,2025-10-12 10:48:30
冀R8N2V2,2025-10-07 17:06:48,2025-10-12 10:48:30
冀R8N2V2,2025-10-07 17:06:48,2025-10-12 10:48:30
赣AFJ562,2025-10-11 22:01:13,2025-10-12 09:23:19
鄂A6J008,2025-10-11 19:16:55,2025-10-12 09:16:22
鄂A6J008,2025-10-11 19:16:55,2025-10-12 09:16:18
鄂A6NA11,2025-10-11 23:59:58,2025-10-12 09:07:24
浙J8A0Z9,2025-10-11 20:20:58,2025-10-12 09:04:31
浙J8A0Z9,2025-10-11 20:20:58,2025-10-12 09:04:27
鄂WGM936,2025-10-11 19:21:06,2025-10-12 08:06:11
鄂WGM936,2025-10-11 19:21:06,2025-10-12 08:06:07
鲁CM5058,2025-10-11 15:13:56,2025-10-12 06:08:46
鲁CM5058,2025-10-11 15:13:56,2025-10-12 06:08:42
鄂AFP9239,2025-10-11 18:22:20,2025-10-12 03:34:58
鄂W595V3,2025-10-11 18:42:21,2025-10-12 03:34:37
鄂A889LK,2025-10-11 18:13:49,2025-10-12 03:34:19
鄂A6J008,2025-10-11 17:26:33,2025-10-11 18:54:13
苏E5LL90,2025-10-11 16:38:08,2025-10-11 17:49:11
赣AFJ562,2025-10-11 13:11:01,2025-10-11 14:23:26
苏UY3G62,2025-10-11 10:11:39,2025-10-11 13:29:51
鲁CM5058,2025-10-11 11:00:21,2025-10-11 11:32:03
赣A2505A,2025-10-10 11:51:55,2025-10-11 10:54:27
赣A2505A,2025-10-10 11:51:55,2025-10-11 10:54:22
苏AH10U5,2025-10-10 17:10:35,2025-10-11 08:43:44
苏AH10U5,2025-10-10 17:10:35,2025-10-11 08:43:40
鄂AU7P36,2025-10-10 22:39:49,2025-10-11 08:39:59
苏E5LL90,2025-10-10 13:12:44,2025-10-10 15:20:38
苏E5LL90,2025-10-10 11:18:35,2025-10-10 12:54:33
鄂W01C28,2025-10-10 12:14:50,2025-10-10 12:47:19
鄂A5B561,2025-10-10 11:13:17,2025-10-10 12:14:56
晋MBL300,2025-10-09 14:48:19,2025-10-10 10:54:45
晋MBL300,2025-10-09 14:48:19,2025-10-10 10:54:41
鄂A294P7,2025-10-09 23:36:38,2025-10-10 10:40:41
鄂A0Z1G7,2025-10-06 23:40:40,2025-10-10 10:10:33
鄂A0Z1G7,2025-10-06 23:40:40,2025-10-10 10:10:29
鄂A0Z1G7,2025-10-06 23:40:40,2025-10-10 10:10:25
鄂A0Z1G7,2025-10-06 23:40:40,2025-10-10 10:10:25
鄂A0Z1G7,2025-10-06 23:40:40,2025-10-10 10:10:25
鄂A0Z1G7,2025-10-06 23:40:40,2025-10-10 10:10:25
鄂A0Z1G7,2025-10-06 23:40:40,2025-10-10 10:10:25
苏AH10U5,2025-10-09 19:20:41,2025-10-10 08:38:51
苏AH10U5,2025-10-09 19:20:41,2025-10-10 08:38:48
津DDB278,2025-10-09 11:46:39,2025-10-10 08:34:50
津DDB278,2025-10-09 11:46:39,2025-10-10 08:34:44
鄂AU7P36,2025-10-09 21:37:11,2025-10-10 08:34:21
浙J8A0Z9,2025-10-10 00:07:58,2025-10-10 08:13:52
苏B25M8A,2025-10-09 18:04:00,2025-10-10 08:12:37
苏B25M8A,2025-10-09 18:04:00,2025-10-10 08:12:33
鄂ADL7315,2025-10-09 18:01:02,2025-10-09 19:35:43
鄂W01C28,2025-10-09 13:07:26,2025-10-09 14:45:16
鄂AA55T8,2025-10-08 18:43:16,2025-10-09 13:14:50
鄂AA55T8,2025-10-08 18:43:16,2025-10-09 13:14:47
赣A2505A,2025-10-07 18:43:22,2025-10-09 11:18:26
赣A2505A,2025-10-07 18:43:22,2025-10-09 11:18:22
赣A2505A,2025-10-07 18:43:22,2025-10-09 11:18:19
赣A2505A,2025-10-07 18:43:22,2025-10-09 11:18:15
苏B25M8A,2025-10-08 18:43:01,2025-10-09 08:12:53
苏B25M8A,2025-10-08 18:43:01,2025-10-09 08:12:50
浙J8A0Z9,2025-10-08 23:00:30,2025-10-09 07:56:41
陕AB9M62,2025-10-08 10:30:53,2025-10-09 06:35:51
陕AB9M62,2025-10-08 10:30:53,2025-10-09 06:35:44
鄂A8Q58P,2025-10-08 11:17:06,2025-10-08 19:39:54
鄂A79Z3H,2025-10-08 13:23:02,2025-10-08 16:14:31
鄂AA11567,2025-10-08 12:05:48,2025-10-08 13:37:06
晋MBL300,2025-10-07 18:57:33,2025-10-08 13:23:35
晋MBL300,2025-10-07 18:57:33,2025-10-08 13:23:32
粤SS1051,2025-10-07 21:45:56,2025-10-08 11:57:20
粤SS1051,2025-10-07 21:45:56,2025-10-08 11:57:16
苏B8X0G2,2025-10-07 15:24:37,2025-10-08 11:31:28
苏B8X0G2,2025-10-07 15:24:37,2025-10-08 11:31:25
鄂AB58C2,2025-10-07 16:15:48,2025-10-08 09:11:51
鄂AB58C2,2025-10-07 16:15:48,2025-10-08 09:11:47
湘A6018S,2025-10-07 21:06:23,2025-10-08 07:58:31
豫S5223Y,2025-10-08 00:37:53,2025-10-08 07:16:54
鄂LG77Q0,2025-10-07 17:53:48,2025-10-08 07:14:31
鄂LG77Q0,2025-10-07 17:53:48,2025-10-08 07:14:26
鄂A7M0M3,2025-10-07 12:19:23,2025-10-07 21:42:15
鄂A8F4G1,2025-10-07 15:11:37,2025-10-07 19:08:46
粤SS1051,2025-10-07 13:55:08,2025-10-07 18:52:44
鄂A29W5W,2025-10-07 14:13:44,2025-10-07 16:48:14
鄂A8F4G1,2025-10-07 11:08:19,2025-10-07 14:33:26
赣A2505A,2025-10-05 14:08:27,2025-10-07 14:24:01
赣A2505A,2025-10-05 14:08:27,2025-10-07 14:23:57
赣A2505A,2025-10-05 14:08:27,2025-10-07 14:23:53
赣A2505A,2025-10-05 14:08:27,2025-10-07 14:23:49
赣A2505A,2025-10-05 14:08:27,2025-10-07 14:23:46
鄂C593E8,2025-10-06 13:18:25,2025-10-07 13:09:02
鄂C593E8,2025-10-06 13:18:25,2025-10-07 13:08:59
赣ADM6529,2025-10-06 22:02:00,2025-10-07 11:44:58
豫L7G735,2025-10-05 23:55:08,2025-10-07 11:35:17
豫L7G735,2025-10-05 23:55:08,2025-10-07 11:35:12
豫L7G735,2025-10-05 23:55:08,2025-10-07 11:35:09
鄂LD2671,2025-10-07 02:17:41,2025-10-07 11:24:05
鄂W1C785,2025-10-07 10:24:39,2025-10-07 10:58:02
鄂HQL887,2025-10-06 19:11:04,2025-10-07 09:48:53
鄂HQL887,2025-10-06 19:11:04,2025-10-07 09:48:48
晋CD9373,2025-10-04 16:24:03,2025-10-07 09:46:42
晋CD9373,2025-10-04 16:24:03,2025-10-07 09:46:38
晋CD9373,2025-10-04 16:24:03,2025-10-07 09:46:35
晋CD9373,2025-10-04 16:24:03,2025-10-07 09:46:32
晋CD9373,2025-10-04 16:24:03,2025-10-07 09:46:28
晋CD9373,2025-10-04 16:24:03,2025-10-07 09:46:24
鄂W01C28,2025-10-07 02:08:13,2025-10-07 09:38:28
oMNSK5wyOV18J5wd1v9Jwpbyll5A,2025-10-07 01:41:15,2025-10-07 09:21:32
鄂B83841,2025-10-06 21:14:12,2025-10-07 09:03:15
鄂EF0S98,2025-10-06 20:10:25,2025-10-07 08:33:11
鄂EF0S98,2025-10-06 20:10:25,2025-10-07 08:33:07
鄂AS626B,2025-10-07 02:15:53,2025-10-07 07:24:56
鄂AAQ5539,2025-10-06 12:17:25,2025-10-06 18:06:32
皖A0HC56,2025-10-06 14:49:23,2025-10-06 16:41:52
鄂EF0S98,2025-10-06 13:28:58,2025-10-06 15:09:51
冀R8N2V2,2025-10-05 20:37:10,2025-10-06 14:43:09
冀R8N2V2,2025-10-05 20:37:10,2025-10-06 14:43:06
皖A520WS,2025-10-06 00:40:09,2025-10-06 13:52:22
皖A520WS,2025-10-06 00:40:09,2025-10-06 13:52:18
苏B98K42,2025-10-05 21:09:32,2025-10-06 13:24:28
苏B98K42,2025-10-05 21:09:32,2025-10-06 13:24:24
豫R9XA61,2025-10-04 17:45:38,2025-10-06 11:28:31
豫R9XA61,2025-10-04 17:45:38,2025-10-06 11:28:27
豫R9XA61,2025-10-04 17:45:38,2025-10-06 11:28:23
豫R9XA61,2025-10-04 17:45:38,2025-10-06 11:28:20
皖A0HC56,2025-10-06 09:14:08,2025-10-06 10:57:32
鄂M1D082,2025-10-05 18:31:08,2025-10-06 09:16:50
鄂M1D082,2025-10-05 18:31:08,2025-10-06 09:16:46
鄂B3S083,2025-10-05 21:22:05,2025-10-06 08:32:42
鄂AFS9500,2025-10-04 20:24:22,2025-10-06 08:01:28
鄂AFS9500,2025-10-04 20:24:22,2025-10-06 08:01:24
鄂AFS9500,2025-10-04 20:24:22,2025-10-06 08:01:20
鄂EB739U,2025-10-05 18:33:12,2025-10-06 07:10:29
鄂EB739U,2025-10-05 18:33:12,2025-10-06 07:10:21
皖A0HC56,2025-10-05 22:02:09,2025-10-06 05:37:56
鄂A6NA11,2025-10-05 20:59:07,2025-10-05 22:41:46
皖A0HC56,2025-10-05 15:59:23,2025-10-05 17:27:19
豫A811EV,2025-10-05 13:37:20,2025-10-05 16:43:30
鄂W1C785,2025-10-05 11:03:11,2025-10-05 16:22:44
鄂AFJ3997,2025-10-05 13:56:57,2025-10-05 16:19:44
甘KS0891,2025-10-05 01:00:52,2025-10-05 12:34:06
赣A2505A,2025-09-27 18:05:35,2025-10-05 11:45:09
赣A2505A,2025-09-27 18:05:35,2025-10-05 11:45:05
赣A2505A,2025-09-27 18:05:35,2025-10-05 11:45:01
赣A2505A,2025-09-27 18:05:35,2025-10-05 11:44:57
赣A2505A,2025-09-27 18:05:35,2025-10-05 11:44:57
赣A2505A,2025-09-27 18:05:35,2025-10-05 11:44:53
赣A2505A,2025-09-27 18:05:35,2025-10-05 11:44:53
赣A2505A,2025-09-27 18:05:35,2025-10-05 11:44:48
赣A2505A,2025-09-27 18:05:35,2025-10-05 11:44:48
赣A2505A,2025-09-27 18:05:35,2025-10-05 11:44:44
赣A2505A,2025-09-27 18:05:35,2025-10-05 11:44:44
赣A2505A,2025-09-27 18:05:35,2025-10-05 11:44:39
赣A2505A,2025-09-27 18:05:35,2025-10-05 11:44:39
赣A2505A,2025-09-27 18:05:35,2025-10-05 11:44:33
赣A2505A,2025-09-27 18:05:35,2025-10-05 11:44:33
赣A2505A,2025-09-27 18:05:35,2025-10-05 11:44:21
桂CLD927,2025-10-04 19:25:43,2025-10-05 11:26:52
桂CLD927,2025-10-04 19:25:43,2025-10-05 11:26:49
桂C68677,2025-10-04 19:09:30,2025-10-05 10:35:07
桂C68677,2025-10-04 19:09:30,2025-10-05 10:35:02
粤AH51998,2025-10-04 19:56:17,2025-10-05 10:23:34
粤AH51998,2025-10-04 19:56:17,2025-10-05 10:23:30
鄂A303C4,2025-10-04 21:34:02,2025-10-05 09:19:34
鄂DRW968,2025-10-04 20:00:29,2025-10-05 09:09:53
鄂DRW968,2025-10-04 20:00:29,2025-10-05 09:09:49
皖A520WS,2025-10-04 21:04:07,2025-10-05 09:03:38
皖A520WS,2025-10-04 21:04:07,2025-10-05 09:03:24
鄂JE9U07,2025-10-04 19:26:50,2025-10-05 08:52:30
鄂JE9U07,2025-10-04 19:26:50,2025-10-05 08:52:24
粤BG66125,2025-10-04 16:42:34,2025-10-05 08:42:52
粤BG66125,2025-10-04 16:42:34,2025-10-05 08:42:48
苏B98K42,2025-10-03 23:02:12,2025-10-05 08:26:46
苏B98K42,2025-10-03 23:02:12,2025-10-05 08:26:43
苏B98K42,2025-10-03 23:02:12,2025-10-05 08:26:39
鄂AAB1768,2025-10-04 18:26:48,2025-10-05 08:21:03
冀R8N2V2,2025-10-04 21:25:39,2025-10-05 08:18:32
鄂M1D082,2025-10-04 18:54:20,2025-10-05 07:53:31
鄂M1D082,2025-10-04 18:54:20,2025-10-05 07:53:26
贵AF64876,2025-10-05 00:05:59,2025-10-05 07:52:24
鄂EB739U,2025-10-04 20:56:54,2025-10-05 07:35:27
鄂AY035Q,2025-10-04 21:57:48,2025-10-05 07:20:02
鄂AZ5E60,2025-10-04 23:14:37,2025-10-05 06:51:49
陕AG67305,2025-10-04 13:19:06,2025-10-05 06:46:13
陕AG67305,2025-10-04 13:19:06,2025-10-05 06:46:09
皖A0HC56,2025-10-04 20:30:26,2025-10-05 05:05:02
粤AZ5978,2025-10-04 21:44:29,2025-10-04 23:42:51
鄂A9Q51L,2025-10-04 19:21:07,2025-10-04 21:03:23
鄂JE9U07,2025-10-04 14:46:29,2025-10-04 17:50:19
豫R9XA61,2025-10-04 15:58:24,2025-10-04 17:01:14
湘A6018S,2025-10-01 22:18:53,2025-10-04 16:15:40
湘A6018S,2025-10-01 22:18:53,2025-10-04 16:15:36
湘A6018S,2025-10-01 22:18:53,2025-10-04 16:15:32
湘A6018S,2025-10-01 22:18:53,2025-10-04 16:15:29
湘A6018S,2025-10-01 22:18:53,2025-10-04 16:15:25
湘A6018S,2025-10-01 22:18:53,2025-10-04 16:15:21
鄂AFS9500,2025-10-04 14:33:51,2025-10-04 15:18:42
鄂HF2V20,2025-10-04 09:47:48,2025-10-04 14:45:49
粤AH51998,2025-10-04 09:55:46,2025-10-04 14:13:09
鄂AY035Q,2025-10-04 12:39:48,2025-10-04 14:01:39
贵H80R99,2025-10-03 15:35:46,2025-10-04 13:01:45
贵H80R99,2025-10-03 15:35:46,2025-10-04 13:01:42
鄂W28Q83,2025-10-03 20:40:31,2025-10-04 12:03:32
鄂W28Q83,2025-10-03 20:40:31,2025-10-04 12:03:27
甘KS0891,2025-10-03 23:40:44,2025-10-04 10:56:23
鄂AM255E,2025-10-03 21:57:10,2025-10-04 09:57:36
鄂AM255E,2025-10-03 21:57:10,2025-10-04 09:57:33
冀R8N2V2,2025-10-04 01:13:11,2025-10-04 09:50:12
豫S02T62,2025-10-03 22:08:13,2025-10-04 09:37:59
湘BB88N8,2025-10-03 20:17:31,2025-10-04 08:34:57
湘BB88N8,2025-10-03 20:17:31,2025-10-04 08:34:53
苏F85KZ0,2025-10-03 20:57:21,2025-10-04 08:31:40
粤AH51998,2025-10-03 22:51:38,2025-10-04 08:11:15
皖A520WS,2025-10-03 21:46:37,2025-10-04 08:07:00
豫A68K0K,2025-10-03 20:46:30,2025-10-04 08:02:08
湘A10FU2,2025-10-03 22:41:16,2025-10-04 07:52:19
赣AAW1151,2025-10-03 20:46:04,2025-10-04 07:50:49
oMNSK531IFSP-W8AV0Oe8Y3I0_zo,2025-10-03 20:45:32,2025-10-04 07:21:57
鄂EEK626,2025-10-03 20:14:42,2025-10-04 06:52:04
湘A10FU2,2025-10-03 20:18:17,2025-10-03 21:15:54
粤C1373J,2025-10-03 20:10:19,2025-10-03 21:00:14
皖A520WS,2025-10-03 17:20:23,2025-10-03 19:36:25
甘KS0891,2025-10-03 15:49:33,2025-10-03 19:12:40
oMNSK531IFSP-W8AV0Oe8Y3I0_zo,2025-10-03 14:07:06,2025-10-03 17:49:22
湘BB88N8,2025-10-03 16:18:37,2025-10-03 17:37:10
鄂W28Q83,2025-10-03 15:08:44,2025-10-03 17:11:19
鄂A0Z1G7,2025-09-30 20:06:53,2025-10-03 16:57:52
鄂A0Z1G7,2025-09-30 20:06:53,2025-10-03 16:57:48
鄂A0Z1G7,2025-09-30 20:06:53,2025-10-03 16:57:44
鄂A0Z1G7,2025-09-30 20:06:53,2025-10-03 16:57:40
鄂A0Z1G7,2025-09-30 20:06:53,2025-10-03 16:57:36
鄂A0Z1G7,2025-09-30 20:06:53,2025-10-03 16:57:33
鄂EEK626,2025-10-03 12:37:46,2025-10-03 15:24:30
鄂A1RE37,2025-10-02 20:59:27,2025-10-03 13:51:57
鄂A1RE37,2025-10-02 20:59:27,2025-10-03 13:51:53
鄂A1C08F,2025-10-02 14:41:05,2025-10-03 10:49:31
鄂A1C08F,2025-10-02 14:41:05,2025-10-03 10:49:27
鄂AR0X01,2025-10-03 02:51:18,2025-10-03 10:48:53
甘KS0891,2025-10-02 23:00:06,2025-10-03 10:34:20
鄂LF20985,2025-10-02 20:02:18,2025-10-03 10:17:21
鄂LF20985,2025-10-02 20:02:18,2025-10-03 10:17:17
鄂EM8579,2025-10-01 15:51:25,2025-10-03 09:24:47
鄂EM8579,2025-10-01 15:51:25,2025-10-03 09:24:43
鄂EM8579,2025-10-01 15:51:25,2025-10-03 09:24:39
鄂EM8579,2025-10-01 15:51:25,2025-10-03 09:24:32
鄂SD89113,2025-10-02 17:44:13,2025-10-03 09:23:23
鄂SD89113,2025-10-02 17:44:13,2025-10-03 09:23:18
鄂J5Y210,2025-10-02 21:12:18,2025-10-03 09:18:38
鄂J5Y210,2025-10-02 21:12:18,2025-10-03 09:18:31
浙B55GY1,2025-10-02 21:16:10,2025-10-03 09:18:17
浙B55GY1,2025-10-02 21:16:10,2025-10-03 09:18:12
粤C1373J,2025-10-02 16:09:58,2025-10-03 07:45:35
粤C1373J,2025-10-02 16:09:58,2025-10-03 07:45:31
皖KMU922,2025-10-02 17:34:46,2025-10-03 07:02:58
皖KMU922,2025-10-02 17:34:46,2025-10-03 07:02:54
粤HBC803,2025-10-02 19:14:20,2025-10-03 06:57:00
鄂AU9234,2025-10-02 13:57:02,2025-10-03 05:03:50
鄂AU9234,2025-10-02 13:57:02,2025-10-03 05:03:46
鄂J5Y210,2025-10-02 14:37:40,2025-10-02 16:07:37
甘KS0891,2025-10-02 14:32:12,2025-10-02 15:53:13
粤HBC803,2025-10-02 15:03:28,2025-10-02 15:34:12
鄂A1RE37,2025-10-01 23:37:22,2025-10-02 13:37:38
鄂A1RE37,2025-10-01 23:37:22,2025-10-02 13:37:33
鄂J5Y210,2025-10-02 11:21:47,2025-10-02 12:40:48
浙B55GY1,2025-10-02 11:21:41,2025-10-02 12:24:50
鄂W1U363,2025-10-02 02:52:28,2025-10-02 10:55:39
鄂AD52Y5,2025-10-01 12:55:42,2025-10-02 10:38:57
鄂AD52Y5,2025-10-01 12:55:42,2025-10-02 10:38:52
鄂A6UA87,2025-10-01 22:22:03,2025-10-02 10:24:45
鄂A6UA87,2025-10-01 22:22:03,2025-10-02 10:24:41
鄂LF20985,2025-10-01 21:01:55,2025-10-02 10:07:22
鄂W01C28,2025-10-02 09:11:49,2025-10-02 09:40:44
鄂A3M7W7,2025-10-01 15:25:21,2025-10-02 09:40:21
鄂A3M7W7,2025-10-01 15:25:21,2025-10-02 09:40:17
粤BGH5225,2025-10-01 20:55:45,2025-10-02 09:35:28
鄂KF76120,2025-09-30 20:25:15,2025-10-02 08:35:02
鄂KF76120,2025-09-30 20:25:15,2025-10-02 08:34:51
鄂KF76120,2025-09-30 20:25:15,2025-10-02 08:34:47
浙F527RL,2025-10-01 12:55:51,2025-10-02 08:20:52
浙F527RL,2025-10-01 12:55:51,2025-10-02 08:20:32
粤C1373J,2025-10-01 18:25:31,2025-10-02 08:16:19
粤C1373J,2025-10-01 18:25:31,2025-10-02 08:16:10
粤B5Q5N8,2025-10-01 22:56:35,2025-10-02 08:10:00
鄂AZ1818,2025-10-01 20:58:48,2025-10-02 08:09:35
鄂A42YZ5,2025-10-01 12:56:00,2025-10-02 07:38:24
鄂A42YZ5,2025-10-01 12:56:00,2025-10-02 07:38:20
鄂SJ3R26,2025-10-01 16:48:26,2025-10-02 07:07:44
鄂SJ3R26,2025-10-01 16:48:26,2025-10-02 07:07:40
鄂HU9K49,2025-10-01 18:34:15,2025-10-01 20:52:35
鄂LF20985,2025-10-01 13:20:44,2025-10-01 15:50:06
鄂HU9K49,2025-10-01 13:01:32,2025-10-01 15:18:13
湘A09T2B,2025-09-30 22:44:15,2025-10-01 14:19:34
湘A09T2B,2025-09-30 22:44:15,2025-10-01 14:19:30
鄂LC95V8,2025-09-30 18:12:41,2025-10-01 12:12:15
鄂LC95V8,2025-09-30 18:12:41,2025-10-01 12:12:09
鄂JQ7H81,2025-10-01 06:48:45,2025-10-01 11:16:58
鄂AFJ7265,2025-09-30 11:49:45,2025-10-01 11:01:35
鄂AFJ7265,2025-09-30 11:49:45,2025-10-01 11:01:31
苏E26QT3,2025-10-01 00:31:43,2025-10-01 08:24:18
鄂A8Q58P,2025-09-30 21:52:05,2025-10-01 08:23:12
湘A6018S,2025-09-30 23:13:57,2025-10-01 08:05:01
鄂W6953D,2025-10-01 03:42:24,2025-10-01 06:31:06
鄂JQ7H81,2025-09-30 19:39:36,2025-10-01 01:44:40
